Thu 24 Nov 12:09:48 GMT 2022,OK,true,true,true,-0.8,-53.792469,false,true,0,0,false,true,0,0,false,true,0,0,false,true,0,0,false,true,0,0,false,true,0,0,false,true,0,0,false,true,0,0
Thu 24 Nov 12:09:53 GMT 2022,OK,true,true,true,-0.8,-53.792469,false,true,0,0,false,true,0,0,false,true,0,0,false,true,0,0,false,true,0,0,false,true,0,0,false,true,0,0,false,true,0,0
Thu 24 Nov 12:09:59 GMT 2022,OK,true,true,true,-0.8,-53.792469,false,true,0,0,false,true,0,0,false,true,0,0,false,true,0,0,false,true,0,0,false,true,0,0,false,true,0,0,false,true,0,0
Thu 24 Nov 12:10:05 GMT 2022,OK,true,true,true,-0.8,-53.792469,false,true,0,0,false,true,0,0,false,true,0,0,false,true,0,0,false,true,0,0,false,true,0,0,false,true,0,0,false,true,0,0
Thu 24 Nov 12:10:10 GMT 2022,OK,true,true,true,0.8,45.652576,false,true,0,0,false,true,0,0,false,true,0,0,false,true,0,0,false,true,0,0,false,true,0,0,false,true,0,0,false,true,0,0
Thu 24 Nov 12:10:16 GMT 2022,OK,true,true,true,0.8,45.370342,false,true,0,0,false,true,0,0,false,true,0,0,false,true,0,0,false,true,0,0,false,true,0,0,false,true,0,0,false,true,0,0
Thu 24 Nov 12:10:21 GMT 2022,OK,true,true,true,0.8,-3.3334,false,true,0,0,false,true,0,0,false,true,0,0,false,true,0,0,false,true,0,0,false,true,0,0,false,true,0,0,false,true,0,0
Thu 24 Nov 12:10:27 GMT 2022,OK,true,true,true,0.8,-3.114026,false,true,0,0,false,true,0,0,false,true,0,0,false,true,0,0,false,true,0,0,false,true,0,0,false,true,0,0,false,true,0,0
Thu 24 Nov 12:10:33 GMT 2022,OK,true,true,true,0.8,40.101727,false,true,0,0,false,true,0,0,false,true,0,0,false,true,0,0,false,true,0,0,false,true,0,0,false,true,0,0,false,true,0,0
Thu 24 Nov 12:10:38 GMT 2022,OK,true,true,true,0.8,40.007652,false,true,0,0,false,true,0,0,false,true,0,0,false,true,0,0,false,true,0,0,false,true,0,0,false,true,0,0,false,true,0,0
Thu 24 Nov 12:10:44 GMT 2022,OK,true,true,true,0.8,39.833069,false,true,0,0,false,true,0,0,false,true,0,0,false,true,0,0,false,true,0,0,false,true,0,0,false,true,0,0,false,true,0,0
Thu 24 Nov 12:10:49 GMT 2022,OK,true,true,true,0.8,39.537239,false,true,0,0,false,true,0,0,false,true,0,0,false,true,0,0,false,true,0,0,false,true,0,0,false,true,0,0,false,true,0,0
Thu 24 Nov 12:10:55 GMT 2022,OK,true,true,true,0.8,39.797218,false,true,0,0,false,true,0,0,false,true,0,0,false,true,0,0,false,true,0,0,false,true,0,0,false,true,0,0,false,true,0,0
Thu 24 Nov 12:11:01 GMT 2022,OK,true,true,true,0.8,40.007652,false,true,0,0,false,true,0,0,false,true,0,0,false,true,0,0,false,true,0,0,false,true,0,0,false,true,0,0,false,true,0,0
Thu 24 Nov 12:11:06 GMT 2022,OK,true,true,true,0.8,40.160126,false,true,0,0,false,true,0,0,false,true,0,0,false,true,0,0,false,true,0,0,false,true,0,0,false,true,0,0,false,true,0,0
Thu 24 Nov 12:11:12 GMT 2022,OK,true,true,true,0.8,40.007652,false,true,0,0,false,true,0,0,false,true,0,0,false,true,0,0,false,true,0,0,false,true,0,0,false,true,0,0,false,true,0,0
Thu 24 Nov 12:11:17 GMT 2022,OK,true,true,true,0.8,40.007652,false,true,0,0,false,true,0,0,false,true,0,0,false,true,0,0,false,true,0,0,false,true,0,0,false,true,0,0,false,true,0,0
Thu 24 Nov 12:11:23 GMT 2022,OK,true,true,true,0.8,-2.799822,false,true,0,0,false,true,0,0,false,true,0,0,false,true,0,0,false,true,0,0,false,true,0,0,false,true,0,0,false,true,0,0
Thu 24 Nov 12:11:29 GMT 2022,OK,true,true,true,0.8,-1.058974,false,true,0,0,false,true,0,0,false,true,0,0,false,true,0,0,false,true,0,0,false,true,0,0,false,true,0,0,false,true,0,0
Thu 24 Nov 12:11:34 GMT 2022,OK,true,true,true,0.8,-2.799822,false,true,0,0,false,true,0,0,false,true,0,0,false,true,0,0,false,true,0,0,false,true,0,0,false,true,0,0,false,true,0,0
Thu 24 Nov 12:11:40 GMT 2022,OK,true,true,true,0.8,-3.239254,false,true,0,0,false,true,0,0,false,true,0,0,false,true,0,0,false,true,0,0,false,true,0,0,false,true,0,0,false,true,0,0
Thu 24 Nov 12:11:45 GMT 2022,OK,true,true,true,0.8,45.399677,false,true,0,0,false,true,0,0,false,true,0,0,false,true,0,0,false,true,0,0,false,true,0,0,false,true,0,0,false,true,0,0
Thu 24 Nov 12:11:51 GMT 2022,OK,true,true,true,0.8,44.80584,false,true,0,0,false,true,0,0,false,true,0,0,false,true,0,0,false,true,0,0,false,true,0,0,false,true,0,0,false,true,0,0
Thu 24 Nov 12:11:56 GMT 2022,OK,true,true,true,0.8,45.182163,false,true,0,0,false,true,0,0,false,true,0,0,false,true,0,0,false,true,0,0,false,true,0,0,false,true,0,0,false,true,0,0
Thu 24 Nov 12:12:02 GMT 2022,OK,true,true,true,0.8,45.182163,false,true,0,0,false,true,0,0,false,true,0,0,false,true,0,0,false,true,0,0,false,true,0,0,false,true,0,0,false,true,0,0
Thu 24 Nov 12:12:08 GMT 2022,OK,true,true,true,0.8,45.370342,false,true,0,0,false,true,0,0,false,true,0,0,false,true,0,0,false,true,0,0,false,true,0,0,false,true,0,0,false,true,0,0
Thu 24 Nov 12:12:13 GMT 2022,OK,true,true,true,0.8,45.182163,false,true,0,0,false,true,0,0,false,true,0,0,false,true,0,0,false,true,0,0,false,true,0,0,false,true,0,0,false,true,0,0
Thu 24 Nov 12:12:19 GMT 2022,OK,true,true,true,0.8,44.994019,false,true,0,0,false,true,0,0,false,true,0,0,false,true,0,0,false,true,0,0,false,true,0,0,false,true,0,0,false,true,0,0
Thu 24 Nov 12:12:24 GMT 2022,OK,true,true,true,0.8,44.871262,false,true,0,0,false,true,0,0,false,true,0,0,false,true,0,0,false,true,0,0,false,true,0,0,false,true,0,0,false,true,0,0
Thu 24 Nov 12:12:30 GMT 2022,OK,true,true,true,0.8,44.80584,false,true,0,0,false,true,0,0,false,true,0,0,false,true,0,0,false,true,0,0,false,true,0,0,false,true,0,0,false,true,0,0
Thu 24 Nov 12:12:36 GMT 2022,OK,true,true,true,0.8,-3.239254,false,true,0,0,false,true,0,0,false,true,0,0,false,true,0,0,false,true,0,0,false,true,0,0,false,true,0,0,false,true,0,0
Thu 24 Nov 12:12:41 GMT 2022,OK,true,true,true,0.8,-5.622291,false,true,0,0,false,true,0,0,false,true,0,0,false,true,0,0,false,true,0,0,false,true,0,0,false,true,0,0,false,true,0,0
Thu 24 Nov 12:12:47 GMT 2022,OK,true,true,true,0.8,-3.239254,false,true,0,0,false,true,0,0,false,true,0,0,false,true,0,0,false,true,0,0,false,true,0,0,false,true,0,0,false,true,0,0
Thu 24 Nov 12:12:52 GMT 2022,OK,true,true,true,0.8,-2.141249,false,true,0,0,false,true,0,0,false,true,0,0,false,true,0,0,false,true,0,0,false,true,0,0,false,true,0,0,false,true,0,0
Thu 24 Nov 12:12:58 GMT 2022,OK,true,true,true,0.8,39.160904,false,true,0,0,false,true,0,0,false,true,0,0,false,true,0,0,false,true,0,0,false,true,0,0,false,true,0,0,false,true,0,0
Thu 24 Nov 12:13:03 GMT 2022,OK,true,true,true,0.8,39.537239,false,true,0,0,false,true,0,0,false,true,0,0,false,true,0,0,false,true,0,0,false,true,0,0,false,true,0,0,false,true,0,0
Thu 24 Nov 12:13:09 GMT 2022,OK,true,true,true,0.8,39.537239,false,true,0,0,false,true,0,0,false,true,0,0,false,true,0,0,false,true,0,0,false,true,0,0,false,true,0,0,false,true,0,0
Thu 24 Nov 12:13:15 GMT 2022,OK,true,true,true,0.8,39.537239,false,true,0,0,false,true,0,0,false,true,0,0,false,true,0,0,false,true,0,0,false,true,0,0,false,true,0,0,false,true,0,0
Thu 24 Nov 12:13:20 GMT 2022,OK,true,true,true,0.8,39.725403,false,true,0,0,false,true,0,0,false,true,0,0,false,true,0,0,false,true,0,0,false,true,0,0,false,true,0,0,false,true,0,0
Thu 24 Nov 12:13:26 GMT 2022,OK,true,true,true,0.8,39.537239,false,true,0,0,false,true,0,0,false,true,0,0,false,true,0,0,false,true,0,0,false,true,0,0,false,true,0,0,false,true,0,0
Thu 24 Nov 12:13:31 GMT 2022,OK,true,true,true,0.8,39.349064,false,true,0,0,false,true,0,0,false,true,0,0,false,true,0,0,false,true,0,0,false,true,0,0,false,true,0,0,false,true,0,0
Thu 24 Nov 12:13:37 GMT 2022,OK,true,true,true,0.8,39.595276,false,true,0,0,false,true,0,0,false,true,0,0,false,true,0,0,false,true,0,0,false,true,0,0,false,true,0,0,false,true,0,0
Thu 24 Nov 12:13:42 GMT 2022,OK,true,true,true,0.8,39.197189,false,true,0,0,false,true,0,0,false,true,0,0,false,true,0,0,false,true,0,0,false,true,0,0,false,true,0,0,false,true,0,0
Thu 24 Nov 12:13:48 GMT 2022,OK,true,true,true,0.8,39.537239,false,true,0,0,false,true,0,0,false,true,0,0,false,true,0,0,false,true,0,0,false,true,0,0,false,true,0,0,false,true,0,0
Thu 24 Nov 12:13:54 GMT 2022,OK,true,true,true,0.8,39.631313,false,true,0,0,false,true,0,0,false,true,0,0,false,true,0,0,false,true,0,0,false,true,0,0,false,true,0,0,false,true,0,0
Thu 24 Nov 12:13:59 GMT 2022,OK,true,true,true,0.8,39.877701,false,true,0,0,false,true,0,0,false,true,0,0,false,true,0,0,false,true,0,0,false,true,0,0,false,true,0,0,false,true,0,0
Thu 24 Nov 12:14:05 GMT 2022,OK,true,true,true,0.8,-5.622291,false,true,0,0,false,true,0,0,false,true,0,0,false,true,0,0,false,true,0,0,false,true,0,0,false,true,0,0,false,true,0,0
Thu 24 Nov 12:14:10 GMT 2022,OK,true,true,true,0.8,45.526215,false,true,0,0,false,true,0,0,false,true,0,0,false,true,0,0,false,true,0,0,false,true,0,0,false,true,0,0,false,true,0,0
Thu 24 Nov 12:14:16 GMT 2022,OK,true,true,true,0.8,45.370342,false,true,0,0,false,true,0,0,false,true,0,0,false,true,0,0,false,true,0,0,false,true,0,0,false,true,0,0,false,true,0,0
Thu 24 Nov 12:14:22 GMT 2022,OK,true,true,true,0.8,45.370342,false,true,0,0,false,true,0,0,false,true,0,0,false,true,0,0,false,true,0,0,false,true,0,0,false,true,0,0,false,true,0,0
Thu 24 Nov 12:14:27 GMT 2022,OK,true,true,true,0.8,47.888157,false,true,0,0,false,true,0,0,false,true,0,0,false,true,0,0,false,true,0,0,false,true,0,0,false,true,0,0,false,true,0,0
Thu 24 Nov 12:14:33 GMT 2022,OK,true,true,true,0.8,44.716084,false,true,0,0,false,true,0,0,false,true,0,0,false,true,0,0,false,true,0,0,false,true,0,0,false,true,0,0,false,true,0,0
Thu 24 Nov 12:14:38 GMT 2022,OK,true,true,true,0.8,45.526215,false,true,0,0,false,true,0,0,false,true,0,0,false,true,0,0,false,true,0,0,false,true,0,0,false,true,0,0,false,true,0,0
Thu 24 Nov 12:14:44 GMT 2022,OK,true,true,true,0.8,45.088104,false,true,0,0,false,true,0,0,false,true,0,0,false,true,0,0,false,true,0,0,false,true,0,0,false,true,0,0,false,true,0,0
Thu 24 Nov 12:14:49 GMT 2022,OK,true,true,true,0.8,45.337921,false,true,0,0,false,true,0,0,false,true,0,0,false,true,0,0,false,true,0,0,false,true,0,0,false,true,0,0,false,true,0,0
Thu 24 Nov 12:14:55 GMT 2022,OK,true,true,true,0.8,45.088104,false,true,0,0,false,true,0,0,false,true,0,0,false,true,0,0,false,true,0,0,false,true,0,0,false,true,0,0,false,true,0,0
Thu 24 Nov 12:15:01 GMT 2022,OK,true,true,true,0.8,45.493881,false,true,0,0,false,true,0,0,false,true,0,0,false,true,0,0,false,true,0,0,false,true,0,0,false,true,0,0,false,true,0,0
Thu 24 Nov 12:15:06 GMT 2022,OK,true,true,true,0.8,44.994019,false,true,0,0,false,true,0,0,false,true,0,0,false,true,0,0,false,true,0,0,false,true,0,0,false,true,0,0,false,true,0,0
Thu 24 Nov 12:15:12 GMT 2022,OK,true,true,true,0.8,45.182163,false,true,0,0,false,true,0,0,false,true,0,0,false,true,0,0,false,true,0,0,false,true,0,0,false,true,0,0,false,true,0,0
Thu 24 Nov 12:15:17 GMT 2022,OK,true,true,true,0.8,45.026611,false,true,0,0,false,true,0,0,false,true,0,0,false,true,0,0,false,true,0,0,false,true,0,0,false,true,0,0,false,true,0,0
Thu 24 Nov 12:15:23 GMT 2022,OK,true,true,true,0.8,45.526215,false,true,0,0,false,true,0,0,false,true,0,0,false,true,0,0,false,true,0,0,false,true,0,0,false,true,0,0,false,true,0,0
Thu 24 Nov 12:15:29 GMT 2022,OK,true,true,true,0.8,44.80584,false,true,0,0,false,true,0,0,false,true,0,0,false,true,0,0,false,true,0,0,false,true,0,0,false,true,0,0,false,true,0,0
Thu 24 Nov 12:15:34 GMT 2022,OK,true,true,true,0.8,45.182163,false,true,0,0,false,true,0,0,false,true,0,0,false,true,0,0,false,true,0,0,false,true,0,0,false,true,0,0,false,true,0,0
Thu 24 Nov 12:15:40 GMT 2022,OK,true,true,true,0.8,45.059174,false,true,0,0,false,true,0,0,false,true,0,0,false,true,0,0,false,true,0,0,false,true,0,0,false,true,0,0,false,true,0,0
Thu 24 Nov 12:15:45 GMT 2022,OK,true,true,true,0.8,45.370342,false,true,0,0,false,true,0,0,false,true,0,0,false,true,0,0,false,true,0,0,false,true,0,0,false,true,0,0,false,true,0,0
Thu 24 Nov 12:15:51 GMT 2022,OK,true,true,true,0.8,45.182163,false,true,0,0,false,true,0,0,false,true,0,0,false,true,0,0,false,true,0,0,false,true,0,0,false,true,0,0,false,true,0,0
Thu 24 Nov 12:15:56 GMT 2022,OK,true,true,true,0.8,47.603043,false,true,0,0,false,true,0,0,false,true,0,0,false,true,0,0,false,true,0,0,false,true,0,0,false,true,0,0,false,true,0,0
Thu 24 Nov 12:16:02 GMT 2022,OK,true,true,true,0.8,45.214672,false,true,0,0,false,true,0,0,false,true,0,0,false,true,0,0,false,true,0,0,false,true,0,0,false,true,0,0,false,true,0,0
Thu 24 Nov 12:16:08 GMT 2022,OK,true,true,true,0.8,45.370342,false,true,0,0,false,true,0,0,false,true,0,0,false,true,0,0,false,true,0,0,false,true,0,0,false,true,0,0,false,true,0,0
Thu 24 Nov 12:16:13 GMT 2022,OK,true,true,true,0.8,45.276253,false,true,0,0,false,true,0,0,false,true,0,0,false,true,0,0,false,true,0,0,false,true,0,0,false,true,0,0,false,true,0,0
Thu 24 Nov 12:16:19 GMT 2022,OK,true,true,true,0.8,45.370342,false,true,0,0,false,true,0,0,false,true,0,0,false,true,0,0,false,true,0,0,false,true,0,0,false,true,0,0,false,true,0,0
Thu 24 Nov 12:16:24 GMT 2022,OK,true,true,true,0.8,45.088104,false,true,0,0,false,true,0,0,false,true,0,0,false,true,0,0,false,true,0,0,false,true,0,0,false,true,0,0,false,true,0,0
Thu 24 Nov 12:16:30 GMT 2022,OK,true,true,true,0.8,45.182163,false,true,0,0,false,true,0,0,false,true,0,0,false,true,0,0,false,true,0,0,false,true,0,0,false,true,0,0,false,true,0,0
Thu 24 Nov 12:16:36 GMT 2022,OK,true,true,true,0.8,44.716084,false,true,0,0,false,true,0,0,false,true,0,0,false,true,0,0,false,true,0,0,false,true,0,0,false,true,0,0,false,true,0,0
Thu 24 Nov 12:16:41 GMT 2022,OK,true,true,true,0.8,45.337921,false,true,0,0,false,true,0,0,false,true,0,0,false,true,0,0,false,true,0,0,false,true,0,0,false,true,0,0,false,true,0,0
Thu 24 Nov 12:16:47 GMT 2022,OK,true,true,true,0.8,45.370342,false,true,0,0,false,true,0,0,false,true,0,0,false,true,0,0,false,true,0,0,false,true,0,0,false,true,0,0,false,true,0,0
Thu 24 Nov 12:16:52 GMT 2022,OK,true,true,true,0.8,44.994019,false,true,0,0,false,true,0,0,false,true,0,0,false,true,0,0,false,true,0,0,false,true,0,0,false,true,0,0,false,true,0,0
Thu 24 Nov 12:16:58 GMT 2022,OK,true,true,true,0.8,45.276253,false,true,0,0,false,true,0,0,false,true,0,0,false,true,0,0,false,true,0,0,false,true,0,0,false,true,0,0,false,true,0,0
Thu 24 Nov 12:17:03 GMT 2022,OK,true,true,true,0.8,45.276253,false,true,0,0,false,true,0,0,false,true,0,0,false,true,0,0,false,true,0,0,false,true,0,0,false,true,0,0,false,true,0,0
Thu 24 Nov 12:17:09 GMT 2022,OK,true,true,true,0.8,45.526215,false,true,0,0,false,true,0,0,false,true,0,0,false,true,0,0,false,true,0,0,false,true,0,0,false,true,0,0,false,true,0,0
Thu 24 Nov 12:17:15 GMT 2022,OK,true,true,true,0.8,45.182163,false,true,0,0,false,true,0,0,false,true,0,0,false,true,0,0,false,true,0,0,false,true,0,0,false,true,0,0,false,true,0,0
Thu 24 Nov 12:17:20 GMT 2022,OK,true,true,true,0.8,45.370342,false,true,0,0,false,true,0,0,false,true,0,0,false,true,0,0,false,true,0,0,false,true,0,0,false,true,0,0,false,true,0,0
Thu 24 Nov 12:17:26 GMT 2022,OK,true,true,true,0.8,45.337921,false,true,0,0,false,true,0,0,false,true,0,0,false,true,0,0,false,true,0,0,false,true,0,0,false,true,0,0,false,true,0,0
Thu 24 Nov 12:17:31 GMT 2022,OK,true,true,true,0.8,45.493881,false,true,0,0,false,true,0,0,false,true,0,0,false,true,0,0,false,true,0,0,false,true,0,0,false,true,0,0,false,true,0,0
Thu 24 Nov 12:17:37 GMT 2022,OK,true,true,true,0.8,44.871262,false,true,0,0,false,true,0,0,false,true,0,0,false,true,0,0,false,true,0,0,false,true,0,0,false,true,0,0,false,true,0,0
Thu 24 Nov 12:17:43 GMT 2022,OK,true,true,true,0.8,45.182163,false,true,0,0,false,true,0,0,false,true,0,0,false,true,0,0,false,true,0,0,false,true,0,0,false,true,0,0,false,true,0,0
Thu 24 Nov 12:17:48 GMT 2022,OK,true,true,true,0.8,44.871262,false,true,0,0,false,true,0,0,false,true,0,0,false,true,0,0,false,true,0,0,false,true,0,0,false,true,0,0,false,true,0,0
Thu 24 Nov 12:17:54 GMT 2022,OK,true,true,true,0.8,45.182163,false,true,0,0,false,true,0,0,false,true,0,0,false,true,0,0,false,true,0,0,false,true,0,0,false,true,0,0,false,true,0,0
Thu 24 Nov 12:18:00 GMT 2022,OK,true,true,true,0.8,45.276253,false,true,0,0,false,true,0,0,false,true,0,0,false,true,0,0,false,true,0,0,false,true,0,0,false,true,0,0,false,true,0,0
Thu 24 Nov 12:18:05 GMT 2022,OK,true,true,true,0.8,45.182163,false,true,0,0,false,true,0,0,false,true,0,0,false,true,0,0,false,true,0,0,false,true,0,0,false,true,0,0,false,true,0,0
Thu 24 Nov 12:18:11 GMT 2022,OK,true,true,true,0.8,44.340488,false,true,0,0,false,true,0,0,false,true,0,0,false,true,0,0,false,true,0,0,false,true,0,0,false,true,0,0,false,true,0,0
Thu 24 Nov 12:18:16 GMT 2022,OK,true,true,true,0.8,44.80584,false,true,0,0,false,true,0,0,false,true,0,0,false,true,0,0,false,true,0,0,false,true,0,0,false,true,0,0,false,true,0,0
Thu 24 Nov 12:18:22 GMT 2022,OK,true,true,true,0.8,45.276253,false,true,0,0,false,true,0,0,false,true,0,0,false,true,0,0,false,true,0,0,false,true,0,0,false,true,0,0,false,true,0,0
Thu 24 Nov 12:18:28 GMT 2022,OK,true,true,true,0.8,45.182163,false,true,0,0,false,true,0,0,false,true,0,0,false,true,0,0,false,true,0,0,false,true,0,0,false,true,0,0,false,true,0,0
Thu 24 Nov 12:18:33 GMT 2022,OK,true,true,true,0.8,44.994019,false,true,0,0,false,true,0,0,false,true,0,0,false,true,0,0,false,true,0,0,false,true,0,0,false,true,0,0,false,true,0,0
Thu 24 Nov 12:18:39 GMT 2022,OK,true,true,true,0.8,45.337921,false,true,0,0,false,true,0,0,false,true,0,0,false,true,0,0,false,true,0,0,false,true,0,0,false,true,0,0,false,true,0,0
Thu 24 Nov 12:18:44 GMT 2022,OK,true,true,true,0.8,45.182163,false,true,0,0,false,true,0,0,false,true,0,0,false,true,0,0,false,true,0,0,false,true,0,0,false,true,0,0,false,true,0,0
Thu 24 Nov 12:18:50 GMT 2022,OK,true,true,true,0.8,45.182163,false,true,0,0,false,true,0,0,false,true,0,0,false,true,0,0,false,true,0,0,false,true,0,0,false,true,0,0,false,true,0,0
Thu 24 Nov 12:18:56 GMT 2022,OK,true,true,true,0.8,45.182163,false,true,0,0,false,true,0,0,false,true,0,0,false,true,0,0,false,true,0,0,false,true,0,0,false,true,0,0,false,true,0,0
Thu 24 Nov 12:19:01 GMT 2022,OK,true,true,true,0.8,45.370342,false,true,0,0,false,true,0,0,false,true,0,0,false,true,0,0,false,true,0,0,false,true,0,0,false,true,0,0,false,true,0,0
Thu 24 Nov 12:19:07 GMT 2022,OK,true,true,true,0.8,45.088104,false,true,0,0,false,true,0,0,false,true,0,0,false,true,0,0,false,true,0,0,false,true,0,0,false,true,0,0,false,true,0,0
Thu 24 Nov 12:19:12 GMT 2022,OK,true,true,true,0.8,45.182163,false,true,0,0,false,true,0,0,false,true,0,0,false,true,0,0,false,true,0,0,false,true,0,0,false,true,0,0,false,true,0,0
Thu 24 Nov 12:19:18 GMT 2022,OK,true,true,true,0.8,45.182163,false,true,0,0,false,true,0,0,false,true,0,0,false,true,0,0,false,true,0,0,false,true,0,0,false,true,0,0,false,true,0,0
Thu 24 Nov 12:19:23 GMT 2022,OK,true,true,true,0.8,45.182163,false,true,0,0,false,true,0,0,false,true,0,0,false,true,0,0,false,true,0,0,false,true,0,0,false,true,0,0,false,true,0,0
Thu 24 Nov 12:19:29 GMT 2022,OK,true,true,true,0.8,45.182163,false,true,0,0,false,true,0,0,false,true,0,0,false,true,0,0,false,true,0,0,false,true,0,0,false,true,0,0,false,true,0,0
Thu 24 Nov 12:19:35 GMT 2022,OK,true,true,true,0.8,45.182163,false,true,0,0,false,true,0,0,false,true,0,0,false,true,0,0,false,true,0,0,false,true,0,0,false,true,0,0,false,true,0,0
Thu 24 Nov 12:19:40 GMT 2022,OK,true,true,true,0.8,45.276253,false,true,0,0,false,true,0,0,false,true,0,0,false,true,0,0,false,true,0,0,false,true,0,0,false,true,0,0,false,true,0,0
Thu 24 Nov 12:19:46 GMT 2022,OK,true,true,true,0.8,44.871262,false,true,0,0,false,true,0,0,false,true,0,0,false,true,0,0,false,true,0,0,false,true,0,0,false,true,0,0,false,true,0,0
Thu 24 Nov 12:19:51 GMT 2022,OK,true,true,true,0.8,45.493881,false,true,0,0,false,true,0,0,false,true,0,0,false,true,0,0,false,true,0,0,false,true,0,0,false,true,0,0,false,true,0,0
Thu 24 Nov 12:19:57 GMT 2022,OK,true,true,true,0.8,45.493881,false,true,0,0,false,true,0,0,false,true,0,0,false,true,0,0,false,true,0,0,false,true,0,0,false,true,0,0,false,true,0,0
Thu 24 Nov 12:20:02 GMT 2022,OK,true,true,true,0.8,45.182163,false,true,0,0,false,true,0,0,false,true,0,0,false,true,0,0,false,true,0,0,false,true,0,0,false,true,0,0,false,true,0,0
Thu 24 Nov 12:20:08 GMT 2022,OK,true,true,true,0.8,45.182163,false,true,0,0,false,true,0,0,false,true,0,0,false,true,0,0,false,true,0,0,false,true,0,0,false,true,0,0,false,true,0,0
Thu 24 Nov 12:20:14 GMT 2022,OK,true,true,true,0.8,45.276253,false,true,0,0,false,true,0,0,false,true,0,0,false,true,0,0,false,true,0,0,false,true,0,0,false,true,0,0,false,true,0,0
Thu 24 Nov 12:20:19 GMT 2022,OK,true,true,true,0.8,44.994019,false,true,0,0,false,true,0,0,false,true,0,0,false,true,0,0,false,true,0,0,false,true,0,0,false,true,0,0,false,true,0,0
Thu 24 Nov 12:20:25 GMT 2022,OK,true,true,true,0.8,45.276253,false,true,0,0,false,true,0,0,false,true,0,0,false,true,0,0,false,true,0,0,false,true,0,0,false,true,0,0,false,true,0,0
Thu 24 Nov 12:20:30 GMT 2022,OK,true,true,true,0.8,45.182163,false,true,0,0,false,true,0,0,false,true,0,0,false,true,0,0,false,true,0,0,false,true,0,0,false,true,0,0,false,true,0,0
Thu 24 Nov 12:20:36 GMT 2022,OK,true,true,true,0.8,45.370342,false,true,0,0,false,true,0,0,false,true,0,0,false,true,0,0,false,true,0,0,false,true,0,0,false,true,0,0,false,true,0,0
Thu 24 Nov 12:20:42 GMT 2022,OK,true,true,true,0.8,45.088104,false,true,0,0,false,true,0,0,false,true,0,0,false,true,0,0,false,true,0,0,false,true,0,0,false,true,0,0,false,true,0,0
Thu 24 Nov 12:20:47 GMT 2022,OK,true,true,true,0.8,45.182163,false,true,0,0,false,true,0,0,false,true,0,0,false,true,0,0,false,true,0,0,false,true,0,0,false,true,0,0,false,true,0,0
Thu 24 Nov 12:20:53 GMT 2022,OK,true,true,true,0.8,45.182163,false,true,0,0,false,true,0,0,false,true,0,0,false,true,0,0,false,true,0,0,false,true,0,0,false,true,0,0,false,true,0,0
Thu 24 Nov 12:20:58 GMT 2022,OK,true,true,true,0.8,45.464428,false,true,0,0,false,true,0,0,false,true,0,0,false,true,0,0,false,true,0,0,false,true,0,0,false,true,0,0,false,true,0,0
Thu 24 Nov 12:21:04 GMT 2022,OK,true,true,true,0.8,45.088104,false,true,0,0,false,true,0,0,false,true,0,0,false,true,0,0,false,true,0,0,false,true,0,0,false,true,0,0,false,true,0,0
Thu 24 Nov 12:21:10 GMT 2022,OK,true,true,true,0.8,45.182163,false,true,0,0,false,true,0,0,false,true,0,0,false,true,0,0,false,true,0,0,false,true,0,0,false,true,0,0,false,true,0,0
Thu 24 Nov 12:21:15 GMT 2022,OK,true,true,true,0.8,45.652576,false,true,0,0,false,true,0,0,false,true,0,0,false,true,0,0,false,true,0,0,false,true,0,0,false,true,0,0,false,true,0,0
Thu 24 Nov 12:21:21 GMT 2022,OK,true,true,true,0.8,45.182163,false,true,0,0,false,true,0,0,false,true,0,0,false,true,0,0,false,true,0,0,false,true,0,0,false,true,0,0,false,true,0,0
Thu 24 Nov 12:21:26 GMT 2022,OK,true,true,true,0.8,44.716084,false,true,0,0,false,true,0,0,false,true,0,0,false,true,0,0,false,true,0,0,false,true,0,0,false,true,0,0,false,true,0,0
Thu 24 Nov 12:21:32 GMT 2022,OK,true,true,true,0.8,45.182163,false,true,0,0,false,true,0,0,false,true,0,0,false,true,0,0,false,true,0,0,false,true,0,0,false,true,0,0,false,true,0,0
Thu 24 Nov 12:21:37 GMT 2022,OK,true,true,true,0.8,44.994019,false,true,0,0,false,true,0,0,false,true,0,0,false,true,0,0,false,true,0,0,false,true,0,0,false,true,0,0,false,true,0,0
Thu 24 Nov 12:21:43 GMT 2022,OK,true,true,true,0.8,45.182163,false,true,0,0,false,true,0,0,false,true,0,0,false,true,0,0,false,true,0,0,false,true,0,0,false,true,0,0,false,true,0,0
Thu 24 Nov 12:21:49 GMT 2022,OK,true,true,true,0.8,44.961365,false,true,0,0,false,true,0,0,false,true,0,0,false,true,0,0,false,true,0,0,false,true,0,0,false,true,0,0,false,true,0,0
Thu 24 Nov 12:21:54 GMT 2022,OK,true,true,true,0.8,44.716084,false,true,0,0,false,true,0,0,false,true,0,0,false,true,0,0,false,true,0,0,false,true,0,0,false,true,0,0,false,true,0,0
Thu 24 Nov 12:22:00 GMT 2022,OK,true,true,true,0.8,45.182163,false,true,0,0,false,true,0,0,false,true,0,0,false,true,0,0,false,true,0,0,false,true,0,0,false,true,0,0,false,true,0,0
Thu 24 Nov 12:22:05 GMT 2022,OK,true,true,true,0.8,45.370342,false,true,0,0,false,true,0,0,false,true,0,0,false,true,0,0,false,true,0,0,false,true,0,0,false,true,0,0,false,true,0,0
Thu 24 Nov 12:22:11 GMT 2022,OK,true,true,true,0.8,45.182163,false,true,0,0,false,true,0,0,false,true,0,0,false,true,0,0,false,true,0,0,false,true,0,0,false,true,0,0,false,true,0,0
Thu 24 Nov 12:22:16 GMT 2022,OK,true,true,true,0.8,45.182163,false,true,0,0,false,true,0,0,false,true,0,0,false,true,0,0,false,true,0,0,false,true,0,0,false,true,0,0,false,true,0,0
Thu 24 Nov 12:22:22 GMT 2022,OK,true,true,true,0.8,45.182163,false,true,0,0,false,true,0,0,false,true,0,0,false,true,0,0,false,true,0,0,false,true,0,0,false,true,0,0,false,true,0,0
Thu 24 Nov 12:22:28 GMT 2022,OK,true,true,true,0.8,45.652576,false,true,0,0,false,true,0,0,false,true,0,0,false,true,0,0,false,true,0,0,false,true,0,0,false,true,0,0,false,true,0,0
Thu 24 Nov 12:22:33 GMT 2022,OK,true,true,true,0.8,45.182163,false,true,0,0,false,true,0,0,false,true,0,0,false,true,0,0,false,true,0,0,false,true,0,0,false,true,0,0,false,true,0,0
Thu 24 Nov 12:22:39 GMT 2022,OK,true,true,true,0.8,45.182163,false,true,0,0,false,true,0,0,false,true,0,0,false,true,0,0,false,true,0,0,false,true,0,0,false,true,0,0,false,true,0,0
Thu 24 Nov 12:22:44 GMT 2022,OK,true,true,true,0.8,45.399677,false,true,0,0,false,true,0,0,false,true,0,0,false,true,0,0,false,true,0,0,false,true,0,0,false,true,0,0,false,true,0,0
Thu 24 Nov 12:22:50 GMT 2022,OK,true,true,true,0.8,45.182163,false,true,0,0,false,true,0,0,false,true,0,0,false,true,0,0,false,true,0,0,false,true,0,0,false,true,0,0,false,true,0,0
Thu 24 Nov 12:22:56 GMT 2022,OK,true,true,true,0.8,45.370342,false,true,0,0,false,true,0,0,false,true,0,0,false,true,0,0,false,true,0,0,false,true,0,0,false,true,0,0,false,true,0,0
Thu 24 Nov 12:23:01 GMT 2022,OK,true,true,true,0.8,44.340488,false,true,0,0,false,true,0,0,false,true,0,0,false,true,0,0,false,true,0,0,false,true,0,0,false,true,0,0,false,true,0,0
Thu 24 Nov 12:23:07 GMT 2022,OK,true,true,true,0.8,44.80584,false,true,0,0,false,true,0,0,false,true,0,0,false,true,0,0,false,true,0,0,false,true,0,0,false,true,0,0,false,true,0,0
Thu 24 Nov 12:23:12 GMT 2022,OK,true,true,true,0.8,45.337921,false,true,0,0,false,true,0,0,false,true,0,0,false,true,0,0,false,true,0,0,false,true,0,0,false,true,0,0,false,true,0,0
Thu 24 Nov 12:23:18 GMT 2022,OK,true,true,true,0.8,45.182163,false,true,0,0,false,true,0,0,false,true,0,0,false,true,0,0,false,true,0,0,false,true,0,0,false,true,0,0,false,true,0,0
Thu 24 Nov 12:23:24 GMT 2022,OK,true,true,true,0.8,45.182163,false,true,0,0,false,true,0,0,false,true,0,0,false,true,0,0,false,true,0,0,false,true,0,0,false,true,0,0,false,true,0,0
Thu 24 Nov 12:23:29 GMT 2022,OK,true,true,true,0.8,45.370342,false,true,0,0,false,true,0,0,false,true,0,0,false,true,0,0,false,true,0,0,false,true,0,0,false,true,0,0,false,true,0,0
Thu 24 Nov 12:23:35 GMT 2022,OK,true,true,true,0.8,44.716084,false,true,0,0,false,true,0,0,false,true,0,0,false,true,0,0,false,true,0,0,false,true,0,0,false,true,0,0,false,true,0,0
Thu 24 Nov 12:23:40 GMT 2022,OK,true,true,true,0.8,45.337921,false,true,0,0,false,true,0,0,false,true,0,0,false,true,0,0,false,true,0,0,false,true,0,0,false,true,0,0,false,true,0,0
Thu 24 Nov 12:23:46 GMT 2022,OK,true,true,true,0.8,45.276253,false,true,0,0,false,true,0,0,false,true,0,0,false,true,0,0,false,true,0,0,false,true,0,0,false,true,0,0,false,true,0,0
Thu 24 Nov 12:23:51 GMT 2022,OK,true,true,true,0.8,45.214672,false,true,0,0,false,true,0,0,false,true,0,0,false,true,0,0,false,true,0,0,false,true,0,0,false,true,0,0,false,true,0,0
Thu 24 Nov 12:23:57 GMT 2022,OK,true,true,true,0.8,45.526215,false,true,0,0,false,true,0,0,false,true,0,0,false,true,0,0,false,true,0,0,false,true,0,0,false,true,0,0,false,true,0,0
Thu 24 Nov 12:24:03 GMT 2022,OK,true,true,true,0.8,45.370342,false,true,0,0,false,true,0,0,false,true,0,0,false,true,0,0,false,true,0,0,false,true,0,0,false,true,0,0,false,true,0,0
Thu 24 Nov 12:24:08 GMT 2022,OK,true,true,true,0.8,45.182163,false,true,0,0,false,true,0,0,false,true,0,0,false,true,0,0,false,true,0,0,false,true,0,0,false,true,0,0,false,true,0,0
Thu 24 Nov 12:24:14 GMT 2022,OK,true,true,true,0.8,45.182163,false,true,0,0,false,true,0,0,false,true,0,0,false,true,0,0,false,true,0,0,false,true,0,0,false,true,0,0,false,true,0,0
Thu 24 Nov 12:24:19 GMT 2022,OK,true,true,true,0.8,45.370342,false,true,0,0,false,true,0,0,false,true,0,0,false,true,0,0,false,true,0,0,false,true,0,0,false,true,0,0,false,true,0,0
Thu 24 Nov 12:24:25 GMT 2022,OK,true,true,true,0.8,44.994019,false,true,0,0,false,true,0,0,false,true,0,0,false,true,0,0,false,true,0,0,false,true,0,0,false,true,0,0,false,true,0,0
Thu 24 Nov 12:24:30 GMT 2022,OK,true,true,true,0.8,45.182163,false,true,0,0,false,true,0,0,false,true,0,0,false,true,0,0,false,true,0,0,false,true,0,0,false,true,0,0,false,true,0,0
Thu 24 Nov 12:24:36 GMT 2022,OK,true,true,true,0.8,47.69809,false,true,0,0,false,true,0,0,false,true,0,0,false,true,0,0,false,true,0,0,false,true,0,0,false,true,0,0,false,true,0,0
Thu 24 Nov 12:24:42 GMT 2022,OK,true,true,true,0.8,44.994019,false,true,0,0,false,true,0,0,false,true,0,0,false,true,0,0,false,true,0,0,false,true,0,0,false,true,0,0,false,true,0,0
Thu 24 Nov 12:24:47 GMT 2022,OK,true,true,true,0.8,45.026611,false,true,0,0,false,true,0,0,false,true,0,0,false,true,0,0,false,true,0,0,false,true,0,0,false,true,0,0,false,true,0,0
Thu 24 Nov 12:24:53 GMT 2022,OK,true,true,true,0.8,45.088104,false,true,0,0,false,true,0,0,false,true,0,0,false,true,0,0,false,true,0,0,false,true,0,0,false,true,0,0,false,true,0,0
Thu 24 Nov 12:24:58 GMT 2022,OK,true,true,true,0.8,45.088104,false,true,0,0,false,true,0,0,false,true,0,0,false,true,0,0,false,true,0,0,false,true,0,0,false,true,0,0,false,true,0,0
Thu 24 Nov 12:25:04 GMT 2022,OK,true,true,true,0.8,45.182163,false,true,0,0,false,true,0,0,false,true,0,0,false,true,0,0,false,true,0,0,false,true,0,0,false,true,0,0,false,true,0,0
Thu 24 Nov 12:25:10 GMT 2022,OK,true,true,true,0.8,45.026611,false,true,0,0,false,true,0,0,false,true,0,0,false,true,0,0,false,true,0,0,false,true,0,0,false,true,0,0,false,true,0,0
Thu 24 Nov 12:25:15 GMT 2022,OK,true,true,true,0.8,45.526215,false,true,0,0,false,true,0,0,false,true,0,0,false,true,0,0,false,true,0,0,false,true,0,0,false,true,0,0,false,true,0,0
Thu 24 Nov 12:25:21 GMT 2022,OK,true,true,true,0.8,45.182163,false,true,0,0,false,true,0,0,false,true,0,0,false,true,0,0,false,true,0,0,false,true,0,0,false,true,0,0,false,true,0,0
Thu 24 Nov 12:25:26 GMT 2022,OK,true,true,true,0.8,45.026611,false,true,0,0,false,true,0,0,false,true,0,0,false,true,0,0,false,true,0,0,false,true,0,0,false,true,0,0,false,true,0,0
Thu 24 Nov 12:25:32 GMT 2022,OK,true,true,true,0.8,44.80584,false,true,0,0,false,true,0,0,false,true,0,0,false,true,0,0,false,true,0,0,false,true,0,0,false,true,0,0,false,true,0,0
Thu 24 Nov 12:25:38 GMT 2022,OK,true,true,true,0.8,45.088104,false,true,0,0,false,true,0,0,false,true,0,0,false,true,0,0,false,true,0,0,false,true,0,0,false,true,0,0,false,true,0,0
Thu 24 Nov 12:25:43 GMT 2022,OK,true,true,true,0.8,45.182163,false,true,0,0,false,true,0,0,false,true,0,0,false,true,0,0,false,true,0,0,false,true,0,0,false,true,0,0,false,true,0,0
Thu 24 Nov 12:25:49 GMT 2022,OK,true,true,true,0.8,45.652576,false,true,0,0,false,true,0,0,false,true,0,0,false,true,0,0,false,true,0,0,false,true,0,0,false,true,0,0,false,true,0,0
Thu 24 Nov 12:25:54 GMT 2022,OK,true,true,true,0.8,45.182163,false,true,0,0,false,true,0,0,false,true,0,0,false,true,0,0,false,true,0,0,false,true,0,0,false,true,0,0,false,true,0,0
Thu 24 Nov 12:26:00 GMT 2022,OK,true,true,true,0.8,44.80584,false,true,0,0,false,true,0,0,false,true,0,0,false,true,0,0,false,true,0,0,false,true,0,0,false,true,0,0,false,true,0,0
Thu 24 Nov 12:26:06 GMT 2022,OK,true,true,true,0.8,45.370342,false,true,0,0,false,true,0,0,false,true,0,0,false,true,0,0,false,true,0,0,false,true,0,0,false,true,0,0,false,true,0,0
Thu 24 Nov 12:26:11 GMT 2022,OK,true,true,true,0.8,45.370342,false,true,0,0,false,true,0,0,false,true,0,0,false,true,0,0,false,true,0,0,false,true,0,0,false,true,0,0,false,true,0,0
Thu 24 Nov 12:26:17 GMT 2022,OK,true,true,true,0.8,45.182163,false,true,0,0,false,true,0,0,false,true,0,0,false,true,0,0,false,true,0,0,false,true,0,0,false,true,0,0,false,true,0,0
Thu 24 Nov 12:26:22 GMT 2022,OK,true,true,true,0.8,45.182163,false,true,0,0,false,true,0,0,false,true,0,0,false,true,0,0,false,true,0,0,false,true,0,0,false,true,0,0,false,true,0,0
Thu 24 Nov 12:26:28 GMT 2022,OK,true,true,true,0.8,45.182163,false,true,0,0,false,true,0,0,false,true,0,0,false,true,0,0,false,true,0,0,false,true,0,0,false,true,0,0,false,true,0,0
Thu 24 Nov 12:26:33 GMT 2022,OK,true,true,true,0.8,44.994019,false,true,0,0,false,true,0,0,false,true,0,0,false,true,0,0,false,true,0,0,false,true,0,0,false,true,0,0,false,true,0,0
Thu 24 Nov 12:26:39 GMT 2022,OK,true,true,true,0.8,45.088104,false,true,0,0,false,true,0,0,false,true,0,0,false,true,0,0,false,true,0,0,false,true,0,0,false,true,0,0,false,true,0,0
Thu 24 Nov 12:26:45 GMT 2022,OK,true,true,true,0.8,45.370342,false,true,0,0,false,true,0,0,false,true,0,0,false,true,0,0,false,true,0,0,false,true,0,0,false,true,0,0,false,true,0,0
Thu 24 Nov 12:26:50 GMT 2022,OK,true,true,true,0.8,45.341091,false,true,0,0,false,true,0,0,false,true,0,0,false,true,0,0,false,true,0,0,false,true,0,0,false,true,0,0,false,true,0,0
Thu 24 Nov 12:26:56 GMT 2022,OK,true,true,true,0.8,45.182163,false,true,0,0,false,true,0,0,false,true,0,0,false,true,0,0,false,true,0,0,false,true,0,0,false,true,0,0,false,true,0,0
Thu 24 Nov 12:27:01 GMT 2022,OK,true,true,true,0.8,45.182163,false,true,0,0,false,true,0,0,false,true,0,0,false,true,0,0,false,true,0,0,false,true,0,0,false,true,0,0,false,true,0,0
Thu 24 Nov 12:27:07 GMT 2022,OK,true,true,true,0.8,44.80584,false,true,0,0,false,true,0,0,false,true,0,0,false,true,0,0,false,true,0,0,false,true,0,0,false,true,0,0,false,true,0,0
Thu 24 Nov 12:27:12 GMT 2022,OK,true,true,true,0.8,45.182163,false,true,0,0,false,true,0,0,false,true,0,0,false,true,0,0,false,true,0,0,false,true,0,0,false,true,0,0,false,true,0,0
Thu 24 Nov 12:27:18 GMT 2022,OK,true,true,true,0.8,45.026611,false,true,0,0,false,true,0,0,false,true,0,0,false,true,0,0,false,true,0,0,false,true,0,0,false,true,0,0,false,true,0,0
Thu 24 Nov 12:27:24 GMT 2022,OK,true,true,true,0.8,44.994019,false,true,0,0,false,true,0,0,false,true,0,0,false,true,0,0,false,true,0,0,false,true,0,0,false,true,0,0,false,true,0,0
Thu 24 Nov 12:27:29 GMT 2022,OK,true,true,true,0.8,45.182163,false,true,0,0,false,true,0,0,false,true,0,0,false,true,0,0,false,true,0,0,false,true,0,0,false,true,0,0,false,true,0,0
Thu 24 Nov 12:27:35 GMT 2022,OK,true,true,true,0.8,45.370342,false,true,0,0,false,true,0,0,false,true,0,0,false,true,0,0,false,true,0,0,false,true,0,0,false,true,0,0,false,true,0,0
Thu 24 Nov 12:27:40 GMT 2022,OK,true,true,true,0.8,45.088104,false,true,0,0,false,true,0,0,false,true,0,0,false,true,0,0,false,true,0,0,false,true,0,0,false,true,0,0,false,true,0,0
Thu 24 Nov 12:27:46 GMT 2022,OK,true,true,true,0.8,45.026611,false,true,0,0,false,true,0,0,false,true,0,0,false,true,0,0,false,true,0,0,false,true,0,0,false,true,0,0,false,true,0,0
Thu 24 Nov 12:27:52 GMT 2022,OK,true,true,true,0.8,44.994019,false,true,0,0,false,true,0,0,false,true,0,0,false,true,0,0,false,true,0,0,false,true,0,0,false,true,0,0,false,true,0,0
Thu 24 Nov 12:27:57 GMT 2022,OK,true,true,true,0.8,45.337921,false,true,0,0,false,true,0,0,false,true,0,0,false,true,0,0,false,true,0,0,false,true,0,0,false,true,0,0,false,true,0,0
Thu 24 Nov 12:28:03 GMT 2022,OK,true,true,true,0.8,45.182163,false,true,0,0,false,true,0,0,false,true,0,0,false,true,0,0,false,true,0,0,false,true,0,0,false,true,0,0,false,true,0,0
Thu 24 Nov 12:28:08 GMT 2022,OK,true,true,true,0.8,45.370342,false,true,0,0,false,true,0,0,false,true,0,0,false,true,0,0,false,true,0,0,false,true,0,0,false,true,0,0,false,true,0,0
Thu 24 Nov 12:28:14 GMT 2022,OK,true,true,true,0.8,47.888157,false,true,0,0,false,true,0,0,false,true,0,0,false,true,0,0,false,true,0,0,false,true,0,0,false,true,0,0,false,true,0,0
Thu 24 Nov 12:28:19 GMT 2022,OK,true,true,true,0.8,44.871262,false,true,0,0,false,true,0,0,false,true,0,0,false,true,0,0,false,true,0,0,false,true,0,0,false,true,0,0,false,true,0,0
Thu 24 Nov 12:28:25 GMT 2022,OK,true,true,true,0.8,45.182163,false,true,0,0,false,true,0,0,false,true,0,0,false,true,0,0,false,true,0,0,false,true,0,0,false,true,0,0,false,true,0,0
Thu 24 Nov 12:28:31 GMT 2022,OK,true,true,true,0.8,44.994019,false,true,0,0,false,true,0,0,false,true,0,0,false,true,0,0,false,true,0,0,false,true,0,0,false,true,0,0,false,true,0,0
Thu 24 Nov 12:28:36 GMT 2022,OK,true,true,true,0.8,45.182163,false,true,0,0,false,true,0,0,false,true,0,0,false,true,0,0,false,true,0,0,false,true,0,0,false,true,0,0,false,true,0,0
Thu 24 Nov 12:28:42 GMT 2022,OK,true,true,true,0.8,45.276253,false,true,0,0,false,true,0,0,false,true,0,0,false,true,0,0,false,true,0,0,false,true,0,0,false,true,0,0,false,true,0,0
Thu 24 Nov 12:28:47 GMT 2022,OK,true,true,true,0.8,45.370342,false,true,0,0,false,true,0,0,false,true,0,0,false,true,0,0,false,true,0,0,false,true,0,0,false,true,0,0,false,true,0,0
Thu 24 Nov 12:28:53 GMT 2022,OK,true,true,true,0.8,45.088104,false,true,0,0,false,true,0,0,false,true,0,0,false,true,0,0,false,true,0,0,false,true,0,0,false,true,0,0,false,true,0,0
Thu 24 Nov 12:28:59 GMT 2022,OK,true,true,true,0.8,45.088104,false,true,0,0,false,true,0,0,false,true,0,0,false,true,0,0,false,true,0,0,false,true,0,0,false,true,0,0,false,true,0,0
Thu 24 Nov 12:29:04 GMT 2022,OK,true,true,true,0.8,45.182163,false,true,0,0,false,true,0,0,false,true,0,0,false,true,0,0,false,true,0,0,false,true,0,0,false,true,0,0,false,true,0,0
Thu 24 Nov 12:29:10 GMT 2022,OK,true,true,true,0.8,45.182163,false,true,0,0,false,true,0,0,false,true,0,0,false,true,0,0,false,true,0,0,false,true,0,0,false,true,0,0,false,true,0,0
Thu 24 Nov 12:29:16 GMT 2022,OK,true,true,true,0.8,45.182163,false,true,0,0,false,true,0,0,false,true,0,0,false,true,0,0,false,true,0,0,false,true,0,0,false,true,0,0,false,true,0,0
Thu 24 Nov 12:29:21 GMT 2022,OK,true,true,true,0.8,44.80584,false,true,0,0,false,true,0,0,false,true,0,0,false,true,0,0,false,true,0,0,false,true,0,0,false,true,0,0,false,true,0,0
Thu 24 Nov 12:29:27 GMT 2022,OK,true,true,true,0.8,45.182163,false,true,0,0,false,true,0,0,false,true,0,0,false,true,0,0,false,true,0,0,false,true,0,0,false,true,0,0,false,true,0,0
Thu 24 Nov 12:29:32 GMT 2022,OK,true,true,true,0.8,45.182163,false,true,0,0,false,true,0,0,false,true,0,0,false,true,0,0,false,true,0,0,false,true,0,0,false,true,0,0,false,true,0,0
Thu 24 Nov 12:29:38 GMT 2022,OK,true,true,true,0.8,45.370342,false,true,0,0,false,true,0,0,false,true,0,0,false,true,0,0,false,true,0,0,false,true,0,0,false,true,0,0,false,true,0,0
Thu 24 Nov 12:29:44 GMT 2022,OK,true,true,true,0.8,45.182163,false,true,0,0,false,true,0,0,false,true,0,0,false,true,0,0,false,true,0,0,false,true,0,0,false,true,0,0,false,true,0,0
Thu 24 Nov 12:29:49 GMT 2022,OK,true,true,true,0.8,45.182163,false,true,0,0,false,true,0,0,false,true,0,0,false,true,0,0,false,true,0,0,false,true,0,0,false,true,0,0,false,true,0,0
Thu 24 Nov 12:29:55 GMT 2022,OK,true,true,true,0.8,45.370342,false,true,0,0,false,true,0,0,false,true,0,0,false,true,0,0,false,true,0,0,false,true,0,0,false,true,0,0,false,true,0,0
Thu 24 Nov 12:30:00 GMT 2022,OK,true,true,true,0.8,45.182163,false,true,0,0,false,true,0,0,false,true,0,0,false,true,0,0,false,true,0,0,false,true,0,0,false,true,0,0,false,true,0,0
Thu 24 Nov 12:30:06 GMT 2022,OK,true,true,true,0.8,44.994019,false,true,0,0,false,true,0,0,false,true,0,0,false,true,0,0,false,true,0,0,false,true,0,0,false,true,0,0,false,true,0,0
Thu 24 Nov 12:30:11 GMT 2022,OK,true,true,true,0.8,45.276253,false,true,0,0,false,true,0,0,false,true,0,0,false,true,0,0,false,true,0,0,false,true,0,0,false,true,0,0,false,true,0,0
Thu 24 Nov 12:30:17 GMT 2022,OK,true,true,true,0.8,45.088104,false,true,0,0,false,true,0,0,false,true,0,0,false,true,0,0,false,true,0,0,false,true,0,0,false,true,0,0,false,true,0,0
Thu 24 Nov 12:30:23 GMT 2022,OK,true,true,true,0.8,44.80584,false,true,0,0,false,true,0,0,false,true,0,0,false,true,0,0,false,true,0,0,false,true,0,0,false,true,0,0,false,true,0,0
Thu 24 Nov 12:30:28 GMT 2022,OK,true,true,true,0.8,44.80584,false,true,0,0,false,true,0,0,false,true,0,0,false,true,0,0,false,true,0,0,false,true,0,0,false,true,0,0,false,true,0,0
Thu 24 Nov 12:30:34 GMT 2022,OK,true,true,true,0.8,45.182163,false,true,0,0,false,true,0,0,false,true,0,0,false,true,0,0,false,true,0,0,false,true,0,0,false,true,0,0,false,true,0,0
Thu 24 Nov 12:30:39 GMT 2022,OK,true,true,true,0.8,44.994019,false,true,0,0,false,true,0,0,false,true,0,0,false,true,0,0,false,true,0,0,false,true,0,0,false,true,0,0,false,true,0,0
Thu 24 Nov 12:30:45 GMT 2022,OK,true,true,true,0.8,44.528286,false,true,0,0,false,true,0,0,false,true,0,0,false,true,0,0,false,true,0,0,false,true,0,0,false,true,0,0,false,true,0,0
Thu 24 Nov 12:30:51 GMT 2022,OK,true,true,true,0.8,45.526215,false,true,0,0,false,true,0,0,false,true,0,0,false,true,0,0,false,true,0,0,false,true,0,0,false,true,0,0,false,true,0,0
Thu 24 Nov 12:30:56 GMT 2022,OK,true,true,true,0.8,45.182163,false,true,0,0,false,true,0,0,false,true,0,0,false,true,0,0,false,true,0,0,false,true,0,0,false,true,0,0,false,true,0,0
Thu 24 Nov 12:31:02 GMT 2022,OK,true,true,true,0.8,45.182163,false,true,0,0,false,true,0,0,false,true,0,0,false,true,0,0,false,true,0,0,false,true,0,0,false,true,0,0,false,true,0,0
Thu 24 Nov 12:31:07 GMT 2022,OK,true,true,true,0.8,45.182163,false,true,0,0,false,true,0,0,false,true,0,0,false,true,0,0,false,true,0,0,false,true,0,0,false,true,0,0,false,true,0,0
Thu 24 Nov 12:31:13 GMT 2022,OK,true,true,true,0.8,45.337921,false,true,0,0,false,true,0,0,false,true,0,0,false,true,0,0,false,true,0,0,false,true,0,0,false,true,0,0,false,true,0,0
Thu 24 Nov 12:31:19 GMT 2022,OK,true,true,true,0.8,44.871262,false,true,0,0,false,true,0,0,false,true,0,0,false,true,0,0,false,true,0,0,false,true,0,0,false,true,0,0,false,true,0,0
Thu 24 Nov 12:31:24 GMT 2022,OK,true,true,true,0.8,45.182163,false,true,0,0,false,true,0,0,false,true,0,0,false,true,0,0,false,true,0,0,false,true,0,0,false,true,0,0,false,true,0,0
Thu 24 Nov 12:31:30 GMT 2022,OK,true,true,true,0.8,45.182163,false,true,0,0,false,true,0,0,false,true,0,0,false,true,0,0,false,true,0,0,false,true,0,0,false,true,0,0,false,true,0,0
Thu 24 Nov 12:31:35 GMT 2022,OK,true,true,true,0.8,45.526215,false,true,0,0,false,true,0,0,false,true,0,0,false,true,0,0,false,true,0,0,false,true,0,0,false,true,0,0,false,true,0,0
Thu 24 Nov 12:31:41 GMT 2022,OK,true,true,true,0.8,45.088104,false,true,0,0,false,true,0,0,false,true,0,0,false,true,0,0,false,true,0,0,false,true,0,0,false,true,0,0,false,true,0,0
Thu 24 Nov 12:31:46 GMT 2022,OK,true,true,true,0.8,45.370342,false,true,0,0,false,true,0,0,false,true,0,0,false,true,0,0,false,true,0,0,false,true,0,0,false,true,0,0,false,true,0,0
Thu 24 Nov 12:31:52 GMT 2022,OK,true,true,true,0.8,45.182163,false,true,0,0,false,true,0,0,false,true,0,0,false,true,0,0,false,true,0,0,false,true,0,0,false,true,0,0,false,true,0,0
Thu 24 Nov 12:31:58 GMT 2022,OK,true,true,true,0.8,45.182163,false,true,0,0,false,true,0,0,false,true,0,0,false,true,0,0,false,true,0,0,false,true,0,0,false,true,0,0,false,true,0,0
Thu 24 Nov 12:32:03 GMT 2022,OK,true,true,true,0.8,44.994019,false,true,0,0,false,true,0,0,false,true,0,0,false,true,0,0,false,true,0,0,false,true,0,0,false,true,0,0,false,true,0,0
Thu 24 Nov 12:32:09 GMT 2022,OK,true,true,true,0.8,45.464428,false,true,0,0,false,true,0,0,false,true,0,0,false,true,0,0,false,true,0,0,false,true,0,0,false,true,0,0,false,true,0,0
Thu 24 Nov 12:32:14 GMT 2022,OK,true,true,true,0.8,44.716084,false,true,0,0,false,true,0,0,false,true,0,0,false,true,0,0,false,true,0,0,false,true,0,0,false,true,0,0,false,true,0,0
Thu 24 Nov 12:32:20 GMT 2022,OK,true,true,true,0.8,45.370342,false,true,0,0,false,true,0,0,false,true,0,0,false,true,0,0,false,true,0,0,false,true,0,0,false,true,0,0,false,true,0,0
Thu 24 Nov 12:32:26 GMT 2022,OK,true,true,true,0.8,45.182163,false,true,0,0,false,true,0,0,false,true,0,0,false,true,0,0,false,true,0,0,false,true,0,0,false,true,0,0,false,true,0,0
Thu 24 Nov 12:32:31 GMT 2022,OK,true,true,true,0.8,45.182163,false,true,0,0,false,true,0,0,false,true,0,0,false,true,0,0,false,true,0,0,false,true,0,0,false,true,0,0,false,true,0,0
Thu 24 Nov 12:32:37 GMT 2022,OK,true,true,true,0.8,45.182163,false,true,0,0,false,true,0,0,false,true,0,0,false,true,0,0,false,true,0,0,false,true,0,0,false,true,0,0,false,true,0,0
Thu 24 Nov 12:32:42 GMT 2022,OK,true,true,true,0.8,45.182163,false,true,0,0,false,true,0,0,false,true,0,0,false,true,0,0,false,true,0,0,false,true,0,0,false,true,0,0,false,true,0,0
Thu 24 Nov 12:32:48 GMT 2022,OK,true,true,true,0.8,45.526215,false,true,0,0,false,true,0,0,false,true,0,0,false,true,0,0,false,true,0,0,false,true,0,0,false,true,0,0,false,true,0,0
Thu 24 Nov 12:32:53 GMT 2022,OK,true,true,true,0.8,47.888157,false,true,0,0,false,true,0,0,false,true,0,0,false,true,0,0,false,true,0,0,false,true,0,0,false,true,0,0,false,true,0,0
Thu 24 Nov 12:32:59 GMT 2022,OK,true,true,true,0.8,45.493881,false,true,0,0,false,true,0,0,false,true,0,0,false,true,0,0,false,true,0,0,false,true,0,0,false,true,0,0,false,true,0,0
Thu 24 Nov 12:33:05 GMT 2022,OK,true,true,true,0.8,45.182163,false,true,0,0,false,true,0,0,false,true,0,0,false,true,0,0,false,true,0,0,false,true,0,0,false,true,0,0,false,true,0,0
Thu 24 Nov 12:33:10 GMT 2022,OK,true,true,true,0.8,45.182163,false,true,0,0,false,true,0,0,false,true,0,0,false,true,0,0,false,true,0,0,false,true,0,0,false,true,0,0,false,true,0,0
Thu 24 Nov 12:33:16 GMT 2022,OK,true,true,true,0.8,45.182163,false,true,0,0,false,true,0,0,false,true,0,0,false,true,0,0,false,true,0,0,false,true,0,0,false,true,0,0,false,true,0,0
Thu 24 Nov 12:33:21 GMT 2022,OK,true,true,true,0.8,45.370342,false,true,0,0,false,true,0,0,false,true,0,0,false,true,0,0,false,true,0,0,false,true,0,0,false,true,0,0,false,true,0,0
Thu 24 Nov 12:33:27 GMT 2022,OK,true,true,true,0.8,45.182163,false,true,0,0,false,true,0,0,false,true,0,0,false,true,0,0,false,true,0,0,false,true,0,0,false,true,0,0,false,true,0,0
Thu 24 Nov 12:33:33 GMT 2022,OK,true,true,true,0.8,45.337921,false,true,0,0,false,true,0,0,false,true,0,0,false,true,0,0,false,true,0,0,false,true,0,0,false,true,0,0,false,true,0,0
Thu 24 Nov 12:33:38 GMT 2022,OK,true,true,true,0.8,45.182163,false,true,0,0,false,true,0,0,false,true,0,0,false,true,0,0,false,true,0,0,false,true,0,0,false,true,0,0,false,true,0,0
Thu 24 Nov 12:33:44 GMT 2022,OK,true,true,true,0.8,44.80584,false,true,0,0,false,true,0,0,false,true,0,0,false,true,0,0,false,true,0,0,false,true,0,0,false,true,0,0,false,true,0,0
Thu 24 Nov 12:33:49 GMT 2022,OK,true,true,true,0.8,45.182163,false,true,0,0,false,true,0,0,false,true,0,0,false,true,0,0,false,true,0,0,false,true,0,0,false,true,0,0,false,true,0,0
Thu 24 Nov 12:33:55 GMT 2022,OK,true,true,true,0.8,45.182163,false,true,0,0,false,true,0,0,false,true,0,0,false,true,0,0,false,true,0,0,false,true,0,0,false,true,0,0,false,true,0,0
Thu 24 Nov 12:34:00 GMT 2022,OK,true,true,true,0.8,44.716084,false,true,0,0,false,true,0,0,false,true,0,0,false,true,0,0,false,true,0,0,false,true,0,0,false,true,0,0,false,true,0,0
Thu 24 Nov 12:34:06 GMT 2022,OK,true,true,true,0.8,44.994019,false,true,0,0,false,true,0,0,false,true,0,0,false,true,0,0,false,true,0,0,false,true,0,0,false,true,0,0,false,true,0,0
Thu 24 Nov 12:34:12 GMT 2022,OK,true,true,true,0.8,45.182163,false,true,0,0,false,true,0,0,false,true,0,0,false,true,0,0,false,true,0,0,false,true,0,0,false,true,0,0,false,true,0,0
Thu 24 Nov 12:34:17 GMT 2022,OK,true,true,true,0.8,45.276253,false,true,0,0,false,true,0,0,false,true,0,0,false,true,0,0,false,true,0,0,false,true,0,0,false,true,0,0,false,true,0,0
Thu 24 Nov 12:34:23 GMT 2022,OK,true,true,true,0.8,45.337921,false,true,0,0,false,true,0,0,false,true,0,0,false,true,0,0,false,true,0,0,false,true,0,0,false,true,0,0,false,true,0,0
Thu 24 Nov 12:34:28 GMT 2022,OK,true,true,true,0.8,45.182163,false,true,0,0,false,true,0,0,false,true,0,0,false,true,0,0,false,true,0,0,false,true,0,0,false,true,0,0,false,true,0,0
Thu 24 Nov 12:34:34 GMT 2022,OK,true,true,true,0.8,44.80584,false,true,0,0,false,true,0,0,false,true,0,0,false,true,0,0,false,true,0,0,false,true,0,0,false,true,0,0,false,true,0,0
Thu 24 Nov 12:34:40 GMT 2022,OK,true,true,true,0.8,45.370342,false,true,0,0,false,true,0,0,false,true,0,0,false,true,0,0,false,true,0,0,false,true,0,0,false,true,0,0,false,true,0,0
Thu 24 Nov 12:34:45 GMT 2022,OK,true,true,true,0.8,45.182163,false,true,0,0,false,true,0,0,false,true,0,0,false,true,0,0,false,true,0,0,false,true,0,0,false,true,0,0,false,true,0,0
Thu 24 Nov 12:34:51 GMT 2022,OK,true,true,true,0.8,45.526215,false,true,0,0,false,true,0,0,false,true,0,0,false,true,0,0,false,true,0,0,false,true,0,0,false,true,0,0,false,true,0,0
Thu 24 Nov 12:34:56 GMT 2022,OK,true,true,true,0.8,45.182163,false,true,0,0,false,true,0,0,false,true,0,0,false,true,0,0,false,true,0,0,false,true,0,0,false,true,0,0,false,true,0,0
Thu 24 Nov 12:35:02 GMT 2022,OK,true,true,true,0.8,45.276253,false,true,0,0,false,true,0,0,false,true,0,0,false,true,0,0,false,true,0,0,false,true,0,0,false,true,0,0,false,true,0,0
Thu 24 Nov 12:35:07 GMT 2022,OK,true,true,true,0.8,45.182163,false,true,0,0,false,true,0,0,false,true,0,0,false,true,0,0,false,true,0,0,false,true,0,0,false,true,0,0,false,true,0,0
Thu 24 Nov 12:35:13 GMT 2022,OK,true,true,true,0.8,45.182163,false,true,0,0,false,true,0,0,false,true,0,0,false,true,0,0,false,true,0,0,false,true,0,0,false,true,0,0,false,true,0,0
Thu 24 Nov 12:35:19 GMT 2022,OK,true,true,true,0.8,44.871262,false,true,0,0,false,true,0,0,false,true,0,0,false,true,0,0,false,true,0,0,false,true,0,0,false,true,0,0,false,true,0,0
Thu 24 Nov 12:35:24 GMT 2022,OK,true,true,true,0.8,45.182163,false,true,0,0,false,true,0,0,false,true,0,0,false,true,0,0,false,true,0,0,false,true,0,0,false,true,0,0,false,true,0,0
Thu 24 Nov 12:35:30 GMT 2022,OK,true,true,true,0.8,45.370342,false,true,0,0,false,true,0,0,false,true,0,0,false,true,0,0,false,true,0,0,false,true,0,0,false,true,0,0,false,true,0,0
Thu 24 Nov 12:35:35 GMT 2022,OK,true,true,true,0.8,44.716084,false,true,0,0,false,true,0,0,false,true,0,0,false,true,0,0,false,true,0,0,false,true,0,0,false,true,0,0,false,true,0,0
Thu 24 Nov 12:35:41 GMT 2022,OK,true,true,true,0.8,45.182163,false,true,0,0,false,true,0,0,false,true,0,0,false,true,0,0,false,true,0,0,false,true,0,0,false,true,0,0,false,true,0,0
Thu 24 Nov 12:35:47 GMT 2022,OK,true,true,true,0.8,45.088104,false,true,0,0,false,true,0,0,false,true,0,0,false,true,0,0,false,true,0,0,false,true,0,0,false,true,0,0,false,true,0,0
Thu 24 Nov 12:35:52 GMT 2022,OK,true,true,true,0.8,44.80584,false,true,0,0,false,true,0,0,false,true,0,0,false,true,0,0,false,true,0,0,false,true,0,0,false,true,0,0,false,true,0,0
Thu 24 Nov 12:35:58 GMT 2022,OK,true,true,true,0.8,45.182163,false,true,0,0,false,true,0,0,false,true,0,0,false,true,0,0,false,true,0,0,false,true,0,0,false,true,0,0,false,true,0,0
Thu 24 Nov 12:36:03 GMT 2022,OK,true,true,true,0.8,45.182163,false,true,0,0,false,true,0,0,false,true,0,0,false,true,0,0,false,true,0,0,false,true,0,0,false,true,0,0,false,true,0,0
Thu 24 Nov 12:36:09 GMT 2022,OK,true,true,true,0.8,45.182163,false,true,0,0,false,true,0,0,false,true,0,0,false,true,0,0,false,true,0,0,false,true,0,0,false,true,0,0,false,true,0,0
Thu 24 Nov 12:36:14 GMT 2022,OK,true,true,true,0.8,45.182163,false,true,0,0,false,true,0,0,false,true,0,0,false,true,0,0,false,true,0,0,false,true,0,0,false,true,0,0,false,true,0,0
Thu 24 Nov 12:36:20 GMT 2022,OK,true,true,true,0.8,45.182163,false,true,0,0,false,true,0,0,false,true,0,0,false,true,0,0,false,true,0,0,false,true,0,0,false,true,0,0,false,true,0,0
Thu 24 Nov 12:36:26 GMT 2022,OK,true,true,true,0.8,44.80584,false,true,0,0,false,true,0,0,false,true,0,0,false,true,0,0,false,true,0,0,false,true,0,0,false,true,0,0,false,true,0,0
Thu 24 Nov 12:36:31 GMT 2022,OK,true,true,true,0.8,45.182163,false,true,0,0,false,true,0,0,false,true,0,0,false,true,0,0,false,true,0,0,false,true,0,0,false,true,0,0,false,true,0,0
Thu 24 Nov 12:36:37 GMT 2022,OK,true,true,true,0.8,45.182163,false,true,0,0,false,true,0,0,false,true,0,0,false,true,0,0,false,true,0,0,false,true,0,0,false,true,0,0,false,true,0,0
Thu 24 Nov 12:36:42 GMT 2022,OK,true,true,true,0.8,45.088104,false,true,0,0,false,true,0,0,false,true,0,0,false,true,0,0,false,true,0,0,false,true,0,0,false,true,0,0,false,true,0,0
Thu 24 Nov 12:36:48 GMT 2022,OK,true,true,true,0.8,45.182163,false,true,0,0,false,true,0,0,false,true,0,0,false,true,0,0,false,true,0,0,false,true,0,0,false,true,0,0,false,true,0,0
Thu 24 Nov 12:36:53 GMT 2022,OK,true,true,true,0.8,45.088104,false,true,0,0,false,true,0,0,false,true,0,0,false,true,0,0,false,true,0,0,false,true,0,0,false,true,0,0,false,true,0,0
Thu 24 Nov 12:36:59 GMT 2022,OK,true,true,true,0.8,45.182163,false,true,0,0,false,true,0,0,false,true,0,0,false,true,0,0,false,true,0,0,false,true,0,0,false,true,0,0,false,true,0,0
Thu 24 Nov 12:37:05 GMT 2022,OK,true,true,true,0.8,45.182163,false,true,0,0,false,true,0,0,false,true,0,0,false,true,0,0,false,true,0,0,false,true,0,0,false,true,0,0,false,true,0,0
Thu 24 Nov 12:37:10 GMT 2022,OK,true,true,true,0.8,45.182163,false,true,0,0,false,true,0,0,false,true,0,0,false,true,0,0,false,true,0,0,false,true,0,0,false,true,0,0,false,true,0,0
Thu 24 Nov 12:37:16 GMT 2022,OK,true,true,true,0.8,45.526215,false,true,0,0,false,true,0,0,false,true,0,0,false,true,0,0,false,true,0,0,false,true,0,0,false,true,0,0,false,true,0,0
Thu 24 Nov 12:37:21 GMT 2022,OK,true,true,true,0.8,45.088104,false,true,0,0,false,true,0,0,false,true,0,0,false,true,0,0,false,true,0,0,false,true,0,0,false,true,0,0,false,true,0,0
Thu 24 Nov 12:37:27 GMT 2022,OK,true,true,true,0.8,45.432068,false,true,0,0,false,true,0,0,false,true,0,0,false,true,0,0,false,true,0,0,false,true,0,0,false,true,0,0,false,true,0,0
Thu 24 Nov 12:37:33 GMT 2022,OK,true,true,true,0.8,45.088104,false,true,0,0,false,true,0,0,false,true,0,0,false,true,0,0,false,true,0,0,false,true,0,0,false,true,0,0,false,true,0,0
Thu 24 Nov 12:37:38 GMT 2022,OK,true,true,true,0.8,44.994019,false,true,0,0,false,true,0,0,false,true,0,0,false,true,0,0,false,true,0,0,false,true,0,0,false,true,0,0,false,true,0,0
Thu 24 Nov 12:37:44 GMT 2022,OK,true,true,true,0.8,45.182163,false,true,0,0,false,true,0,0,false,true,0,0,false,true,0,0,false,true,0,0,false,true,0,0,false,true,0,0,false,true,0,0
Thu 24 Nov 12:37:49 GMT 2022,OK,true,true,true,0.8,45.182163,false,true,0,0,false,true,0,0,false,true,0,0,false,true,0,0,false,true,0,0,false,true,0,0,false,true,0,0,false,true,0,0
Thu 24 Nov 12:37:55 GMT 2022,OK,true,true,true,0.8,45.526215,false,true,0,0,false,true,0,0,false,true,0,0,false,true,0,0,false,true,0,0,false,true,0,0,false,true,0,0,false,true,0,0
Thu 24 Nov 12:38:00 GMT 2022,OK,true,true,true,0.8,45.526215,false,true,0,0,false,true,0,0,false,true,0,0,false,true,0,0,false,true,0,0,false,true,0,0,false,true,0,0,false,true,0,0
Thu 24 Nov 12:38:06 GMT 2022,OK,true,true,true,0.8,47.603043,false,true,0,0,false,true,0,0,false,true,0,0,false,true,0,0,false,true,0,0,false,true,0,0,false,true,0,0,false,true,0,0
Thu 24 Nov 12:38:12 GMT 2022,OK,true,true,true,0.8,45.370342,false,true,0,0,false,true,0,0,false,true,0,0,false,true,0,0,false,true,0,0,false,true,0,0,false,true,0,0,false,true,0,0
Thu 24 Nov 12:38:17 GMT 2022,OK,true,true,true,0.8,45.182163,false,true,0,0,false,true,0,0,false,true,0,0,false,true,0,0,false,true,0,0,false,true,0,0,false,true,0,0,false,true,0,0
Thu 24 Nov 12:38:23 GMT 2022,OK,true,true,true,0.8,45.182163,false,true,0,0,false,true,0,0,false,true,0,0,false,true,0,0,false,true,0,0,false,true,0,0,false,true,0,0,false,true,0,0
Thu 24 Nov 12:38:28 GMT 2022,OK,true,true,true,0.8,45.182163,false,true,0,0,false,true,0,0,false,true,0,0,false,true,0,0,false,true,0,0,false,true,0,0,false,true,0,0,false,true,0,0
Thu 24 Nov 12:38:34 GMT 2022,OK,true,true,true,0.8,44.716084,false,true,0,0,false,true,0,0,false,true,0,0,false,true,0,0,false,true,0,0,false,true,0,0,false,true,0,0,false,true,0,0
Thu 24 Nov 12:38:40 GMT 2022,OK,true,true,true,0.8,45.182163,false,true,0,0,false,true,0,0,false,true,0,0,false,true,0,0,false,true,0,0,false,true,0,0,false,true,0,0,false,true,0,0
Thu 24 Nov 12:38:45 GMT 2022,OK,true,true,true,0.8,45.182163,false,true,0,0,false,true,0,0,false,true,0,0,false,true,0,0,false,true,0,0,false,true,0,0,false,true,0,0,false,true,0,0
Thu 24 Nov 12:38:51 GMT 2022,OK,true,true,true,0.8,45.370342,false,true,0,0,false,true,0,0,false,true,0,0,false,true,0,0,false,true,0,0,false,true,0,0,false,true,0,0,false,true,0,0
Thu 24 Nov 12:38:56 GMT 2022,OK,true,true,true,0.8,45.182163,false,true,0,0,false,true,0,0,false,true,0,0,false,true,0,0,false,true,0,0,false,true,0,0,false,true,0,0,false,true,0,0
Thu 24 Nov 12:39:02 GMT 2022,OK,true,true,true,0.8,44.716084,false,true,0,0,false,true,0,0,false,true,0,0,false,true,0,0,false,true,0,0,false,true,0,0,false,true,0,0,false,true,0,0
Thu 24 Nov 12:39:07 GMT 2022,OK,true,true,true,0.8,45.088104,false,true,0,0,false,true,0,0,false,true,0,0,false,true,0,0,false,true,0,0,false,true,0,0,false,true,0,0,false,true,0,0
Thu 24 Nov 12:39:13 GMT 2022,OK,true,true,true,0.8,45.652576,false,true,0,0,false,true,0,0,false,true,0,0,false,true,0,0,false,true,0,0,false,true,0,0,false,true,0,0,false,true,0,0
Thu 24 Nov 12:39:19 GMT 2022,OK,true,true,true,0.8,44.80584,false,true,0,0,false,true,0,0,false,true,0,0,false,true,0,0,false,true,0,0,false,true,0,0,false,true,0,0,false,true,0,0
Thu 24 Nov 12:39:24 GMT 2022,OK,true,true,true,0.8,47.603043,false,true,0,0,false,true,0,0,false,true,0,0,false,true,0,0,false,true,0,0,false,true,0,0,false,true,0,0,false,true,0,0
Thu 24 Nov 12:39:30 GMT 2022,OK,true,true,true,0.8,45.182163,false,true,0,0,false,true,0,0,false,true,0,0,false,true,0,0,false,true,0,0,false,true,0,0,false,true,0,0,false,true,0,0
Thu 24 Nov 12:39:35 GMT 2022,OK,true,true,true,0.8,45.088104,false,true,0,0,false,true,0,0,false,true,0,0,false,true,0,0,false,true,0,0,false,true,0,0,false,true,0,0,false,true,0,0
Thu 24 Nov 12:39:41 GMT 2022,OK,true,true,true,0.8,45.088104,false,true,0,0,false,true,0,0,false,true,0,0,false,true,0,0,false,true,0,0,false,true,0,0,false,true,0,0,false,true,0,0
Thu 24 Nov 12:39:47 GMT 2022,OK,true,true,true,0.8,45.276253,false,true,0,0,false,true,0,0,false,true,0,0,false,true,0,0,false,true,0,0,false,true,0,0,false,true,0,0,false,true,0,0
Thu 24 Nov 12:39:52 GMT 2022,OK,true,true,true,0.8,45.370342,false,true,0,0,false,true,0,0,false,true,0,0,false,true,0,0,false,true,0,0,false,true,0,0,false,true,0,0,false,true,0,0
Thu 24 Nov 12:39:58 GMT 2022,OK,true,true,true,0.8,45.182163,false,true,0,0,false,true,0,0,false,true,0,0,false,true,0,0,false,true,0,0,false,true,0,0,false,true,0,0,false,true,0,0
Thu 24 Nov 12:40:03 GMT 2022,OK,true,true,true,0.8,45.182163,false,true,0,0,false,true,0,0,false,true,0,0,false,true,0,0,false,true,0,0,false,true,0,0,false,true,0,0,false,true,0,0
Thu 24 Nov 12:40:09 GMT 2022,OK,true,true,true,0.8,45.182163,false,true,0,0,false,true,0,0,false,true,0,0,false,true,0,0,false,true,0,0,false,true,0,0,false,true,0,0,false,true,0,0
Thu 24 Nov 12:40:14 GMT 2022,OK,true,true,true,0.8,44.961365,false,true,0,0,false,true,0,0,false,true,0,0,false,true,0,0,false,true,0,0,false,true,0,0,false,true,0,0,false,true,0,0
Thu 24 Nov 12:40:20 GMT 2022,OK,true,true,true,0.8,45.337921,false,true,0,0,false,true,0,0,false,true,0,0,false,true,0,0,false,true,0,0,false,true,0,0,false,true,0,0,false,true,0,0
Thu 24 Nov 12:40:26 GMT 2022,OK,true,true,true,0.8,45.370342,false,true,0,0,false,true,0,0,false,true,0,0,false,true,0,0,false,true,0,0,false,true,0,0,false,true,0,0,false,true,0,0
Thu 24 Nov 12:40:31 GMT 2022,OK,true,true,true,0.8,45.526215,false,true,0,0,false,true,0,0,false,true,0,0,false,true,0,0,false,true,0,0,false,true,0,0,false,true,0,0,false,true,0,0
Thu 24 Nov 12:40:37 GMT 2022,OK,true,true,true,0.8,45.182163,false,true,0,0,false,true,0,0,false,true,0,0,false,true,0,0,false,true,0,0,false,true,0,0,false,true,0,0,false,true,0,0
Thu 24 Nov 12:40:42 GMT 2022,OK,true,true,true,0.8,45.276253,false,true,0,0,false,true,0,0,false,true,0,0,false,true,0,0,false,true,0,0,false,true,0,0,false,true,0,0,false,true,0,0
Thu 24 Nov 12:40:48 GMT 2022,OK,true,true,true,0.8,44.994019,false,true,0,0,false,true,0,0,false,true,0,0,false,true,0,0,false,true,0,0,false,true,0,0,false,true,0,0,false,true,0,0
Thu 24 Nov 12:40:54 GMT 2022,OK,true,true,true,0.8,45.652576,false,true,0,0,false,true,0,0,false,true,0,0,false,true,0,0,false,true,0,0,false,true,0,0,false,true,0,0,false,true,0,0
Thu 24 Nov 12:40:59 GMT 2022,OK,true,true,true,0.8,44.994019,false,true,0,0,false,true,0,0,false,true,0,0,false,true,0,0,false,true,0,0,false,true,0,0,false,true,0,0,false,true,0,0
Thu 24 Nov 12:41:05 GMT 2022,OK,true,true,true,0.8,45.526215,false,true,0,0,false,true,0,0,false,true,0,0,false,true,0,0,false,true,0,0,false,true,0,0,false,true,0,0,false,true,0,0
Thu 24 Nov 12:41:10 GMT 2022,OK,true,true,true,0.8,45.214672,false,true,0,0,false,true,0,0,false,true,0,0,false,true,0,0,false,true,0,0,false,true,0,0,false,true,0,0,false,true,0,0
Thu 24 Nov 12:41:16 GMT 2022,OK,true,true,true,0.8,45.182163,false,true,0,0,false,true,0,0,false,true,0,0,false,true,0,0,false,true,0,0,false,true,0,0,false,true,0,0,false,true,0,0
Thu 24 Nov 12:41:21 GMT 2022,OK,true,true,true,0.8,45.182163,false,true,0,0,false,true,0,0,false,true,0,0,false,true,0,0,false,true,0,0,false,true,0,0,false,true,0,0,false,true,0,0
Thu 24 Nov 12:41:27 GMT 2022,OK,true,true,true,0.8,45.182163,false,true,0,0,false,true,0,0,false,true,0,0,false,true,0,0,false,true,0,0,false,true,0,0,false,true,0,0,false,true,0,0
Thu 24 Nov 12:41:33 GMT 2022,OK,true,true,true,0.8,45.182163,false,true,0,0,false,true,0,0,false,true,0,0,false,true,0,0,false,true,0,0,false,true,0,0,false,true,0,0,false,true,0,0
Thu 24 Nov 12:41:38 GMT 2022,OK,true,true,true,0.8,45.182163,false,true,0,0,false,true,0,0,false,true,0,0,false,true,0,0,false,true,0,0,false,true,0,0,false,true,0,0,false,true,0,0
Thu 24 Nov 12:41:44 GMT 2022,OK,true,true,true,0.8,44.716084,false,true,0,0,false,true,0,0,false,true,0,0,false,true,0,0,false,true,0,0,false,true,0,0,false,true,0,0,false,true,0,0
Thu 24 Nov 12:41:49 GMT 2022,OK,true,true,true,0.8,44.80584,false,true,0,0,false,true,0,0,false,true,0,0,false,true,0,0,false,true,0,0,false,true,0,0,false,true,0,0,false,true,0,0
Thu 24 Nov 12:41:55 GMT 2022,OK,true,true,true,0.8,44.994019,false,true,0,0,false,true,0,0,false,true,0,0,false,true,0,0,false,true,0,0,false,true,0,0,false,true,0,0,false,true,0,0
Thu 24 Nov 12:42:01 GMT 2022,OK,true,true,true,0.8,45.370342,false,true,0,0,false,true,0,0,false,true,0,0,false,true,0,0,false,true,0,0,false,true,0,0,false,true,0,0,false,true,0,0
Thu 24 Nov 12:42:06 GMT 2022,OK,true,true,true,0.8,44.871262,false,true,0,0,false,true,0,0,false,true,0,0,false,true,0,0,false,true,0,0,false,true,0,0,false,true,0,0,false,true,0,0
Thu 24 Nov 12:42:12 GMT 2022,OK,true,true,true,0.8,45.182163,false,true,0,0,false,true,0,0,false,true,0,0,false,true,0,0,false,true,0,0,false,true,0,0,false,true,0,0,false,true,0,0
Thu 24 Nov 12:42:17 GMT 2022,OK,true,true,true,0.8,45.182163,false,true,0,0,false,true,0,0,false,true,0,0,false,true,0,0,false,true,0,0,false,true,0,0,false,true,0,0,false,true,0,0
Thu 24 Nov 12:42:23 GMT 2022,OK,true,true,true,0.8,45.276253,false,true,0,0,false,true,0,0,false,true,0,0,false,true,0,0,false,true,0,0,false,true,0,0,false,true,0,0,false,true,0,0
Thu 24 Nov 12:42:28 GMT 2022,OK,true,true,true,0.8,45.182163,false,true,0,0,false,true,0,0,false,true,0,0,false,true,0,0,false,true,0,0,false,true,0,0,false,true,0,0,false,true,0,0
Thu 24 Nov 12:42:34 GMT 2022,OK,true,true,true,0.8,44.994019,false,true,0,0,false,true,0,0,false,true,0,0,false,true,0,0,false,true,0,0,false,true,0,0,false,true,0,0,false,true,0,0
Thu 24 Nov 12:42:40 GMT 2022,OK,true,true,true,0.8,45.182163,false,true,0,0,false,true,0,0,false,true,0,0,false,true,0,0,false,true,0,0,false,true,0,0,false,true,0,0,false,true,0,0
Thu 24 Nov 12:42:45 GMT 2022,OK,true,true,true,0.8,45.526215,false,true,0,0,false,true,0,0,false,true,0,0,false,true,0,0,false,true,0,0,false,true,0,0,false,true,0,0,false,true,0,0
Thu 24 Nov 12:42:51 GMT 2022,OK,true,true,true,0.8,45.088104,false,true,0,0,false,true,0,0,false,true,0,0,false,true,0,0,false,true,0,0,false,true,0,0,false,true,0,0,false,true,0,0
Thu 24 Nov 12:42:56 GMT 2022,OK,true,true,true,0.8,45.026611,false,true,0,0,false,true,0,0,false,true,0,0,false,true,0,0,false,true,0,0,false,true,0,0,false,true,0,0,false,true,0,0
Thu 24 Nov 12:43:02 GMT 2022,OK,true,true,true,0.8,44.994019,false,true,0,0,false,true,0,0,false,true,0,0,false,true,0,0,false,true,0,0,false,true,0,0,false,true,0,0,false,true,0,0
Thu 24 Nov 12:43:08 GMT 2022,OK,true,true,true,0.8,45.182163,false,true,0,0,false,true,0,0,false,true,0,0,false,true,0,0,false,true,0,0,false,true,0,0,false,true,0,0,false,true,0,0
Thu 24 Nov 12:43:13 GMT 2022,OK,true,true,true,0.8,45.182163,false,true,0,0,false,true,0,0,false,true,0,0,false,true,0,0,false,true,0,0,false,true,0,0,false,true,0,0,false,true,0,0
Thu 24 Nov 12:43:19 GMT 2022,OK,true,true,true,0.8,45.182163,false,true,0,0,false,true,0,0,false,true,0,0,false,true,0,0,false,true,0,0,false,true,0,0,false,true,0,0,false,true,0,0
Thu 24 Nov 12:43:24 GMT 2022,OK,true,true,true,0.8,45.182163,false,true,0,0,false,true,0,0,false,true,0,0,false,true,0,0,false,true,0,0,false,true,0,0,false,true,0,0,false,true,0,0
Thu 24 Nov 12:43:30 GMT 2022,OK,true,true,true,0.8,45.182163,false,true,0,0,false,true,0,0,false,true,0,0,false,true,0,0,false,true,0,0,false,true,0,0,false,true,0,0,false,true,0,0
Thu 24 Nov 12:43:35 GMT 2022,OK,true,true,true,0.8,45.182163,false,true,0,0,false,true,0,0,false,true,0,0,false,true,0,0,false,true,0,0,false,true,0,0,false,true,0,0,false,true,0,0
Thu 24 Nov 12:43:41 GMT 2022,OK,true,true,true,0.8,45.182163,false,true,0,0,false,true,0,0,false,true,0,0,false,true,0,0,false,true,0,0,false,true,0,0,false,true,0,0,false,true,0,0
Thu 24 Nov 12:43:47 GMT 2022,OK,true,true,true,0.8,45.182163,false,true,0,0,false,true,0,0,false,true,0,0,false,true,0,0,false,true,0,0,false,true,0,0,false,true,0,0,false,true,0,0
Thu 24 Nov 12:43:52 GMT 2022,OK,true,true,true,0.8,45.182163,false,true,0,0,false,true,0,0,false,true,0,0,false,true,0,0,false,true,0,0,false,true,0,0,false,true,0,0,false,true,0,0
Thu 24 Nov 12:43:58 GMT 2022,OK,true,true,true,0.8,45.182163,false,true,0,0,false,true,0,0,false,true,0,0,false,true,0,0,false,true,0,0,false,true,0,0,false,true,0,0,false,true,0,0
Thu 24 Nov 12:44:03 GMT 2022,OK,true,true,true,0.8,45.182163,false,true,0,0,false,true,0,0,false,true,0,0,false,true,0,0,false,true,0,0,false,true,0,0,false,true,0,0,false,true,0,0
Thu 24 Nov 12:44:09 GMT 2022,OK,true,true,true,0.8,45.526215,false,true,0,0,false,true,0,0,false,true,0,0,false,true,0,0,false,true,0,0,false,true,0,0,false,true,0,0,false,true,0,0
Thu 24 Nov 12:44:15 GMT 2022,OK,true,true,true,0.8,45.182163,false,true,0,0,false,true,0,0,false,true,0,0,false,true,0,0,false,true,0,0,false,true,0,0,false,true,0,0,false,true,0,0
Thu 24 Nov 12:44:20 GMT 2022,OK,true,true,true,0.8,45.182163,false,true,0,0,false,true,0,0,false,true,0,0,false,true,0,0,false,true,0,0,false,true,0,0,false,true,0,0,false,true,0,0
Thu 24 Nov 12:44:26 GMT 2022,OK,true,true,true,0.8,45.370342,false,true,0,0,false,true,0,0,false,true,0,0,false,true,0,0,false,true,0,0,false,true,0,0,false,true,0,0,false,true,0,0
Thu 24 Nov 12:44:32 GMT 2022,OK,true,true,true,0.8,45.214672,false,true,0,0,false,true,0,0,false,true,0,0,false,true,0,0,false,true,0,0,false,true,0,0,false,true,0,0,false,true,0,0
Thu 24 Nov 12:44:37 GMT 2022,OK,true,true,true,0.8,45.182163,false,true,0,0,false,true,0,0,false,true,0,0,false,true,0,0,false,true,0,0,false,true,0,0,false,true,0,0,false,true,0,0
Thu 24 Nov 12:44:43 GMT 2022,OK,true,true,true,0.8,45.182163,false,true,0,0,false,true,0,0,false,true,0,0,false,true,0,0,false,true,0,0,false,true,0,0,false,true,0,0,false,true,0,0
Thu 24 Nov 12:44:48 GMT 2022,OK,true,true,true,0.8,44.994019,false,true,0,0,false,true,0,0,false,true,0,0,false,true,0,0,false,true,0,0,false,true,0,0,false,true,0,0,false,true,0,0
Thu 24 Nov 12:44:54 GMT 2022,OK,true,true,true,0.8,45.493881,false,true,0,0,false,true,0,0,false,true,0,0,false,true,0,0,false,true,0,0,false,true,0,0,false,true,0,0,false,true,0,0
Thu 24 Nov 12:45:00 GMT 2022,OK,true,true,true,0.8,45.182163,false,true,0,0,false,true,0,0,false,true,0,0,false,true,0,0,false,true,0,0,false,true,0,0,false,true,0,0,false,true,0,0
Thu 24 Nov 12:45:05 GMT 2022,OK,true,true,true,0.8,44.80584,false,true,0,0,false,true,0,0,false,true,0,0,false,true,0,0,false,true,0,0,false,true,0,0,false,true,0,0,false,true,0,0
Thu 24 Nov 12:45:11 GMT 2022,OK,true,true,true,0.8,45.088104,false,true,0,0,false,true,0,0,false,true,0,0,false,true,0,0,false,true,0,0,false,true,0,0,false,true,0,0,false,true,0,0
Thu 24 Nov 12:45:16 GMT 2022,OK,true,true,true,0.8,45.182163,false,true,0,0,false,true,0,0,false,true,0,0,false,true,0,0,false,true,0,0,false,true,0,0,false,true,0,0,false,true,0,0
Thu 24 Nov 12:45:22 GMT 2022,OK,true,true,true,0.8,45.214672,false,true,0,0,false,true,0,0,false,true,0,0,false,true,0,0,false,true,0,0,false,true,0,0,false,true,0,0,false,true,0,0
Thu 24 Nov 12:45:28 GMT 2022,OK,true,true,true,0.8,45.182163,false,true,0,0,false,true,0,0,false,true,0,0,false,true,0,0,false,true,0,0,false,true,0,0,false,true,0,0,false,true,0,0
Thu 24 Nov 12:45:33 GMT 2022,OK,true,true,true,0.8,45.652576,false,true,0,0,false,true,0,0,false,true,0,0,false,true,0,0,false,true,0,0,false,true,0,0,false,true,0,0,false,true,0,0
Thu 24 Nov 12:45:39 GMT 2022,OK,true,true,true,0.8,45.370342,false,true,0,0,false,true,0,0,false,true,0,0,false,true,0,0,false,true,0,0,false,true,0,0,false,true,0,0,false,true,0,0
Thu 24 Nov 12:45:44 GMT 2022,OK,true,true,true,0.8,45.182163,false,true,0,0,false,true,0,0,false,true,0,0,false,true,0,0,false,true,0,0,false,true,0,0,false,true,0,0,false,true,0,0
Thu 24 Nov 12:45:50 GMT 2022,OK,true,true,true,0.8,45.026611,false,true,0,0,false,true,0,0,false,true,0,0,false,true,0,0,false,true,0,0,false,true,0,0,false,true,0,0,false,true,0,0
Thu 24 Nov 12:45:55 GMT 2022,OK,true,true,true,0.8,45.370342,false,true,0,0,false,true,0,0,false,true,0,0,false,true,0,0,false,true,0,0,false,true,0,0,false,true,0,0,false,true,0,0
Thu 24 Nov 12:46:01 GMT 2022,OK,true,true,true,0.8,45.370342,false,true,0,0,false,true,0,0,false,true,0,0,false,true,0,0,false,true,0,0,false,true,0,0,false,true,0,0,false,true,0,0
Thu 24 Nov 12:46:07 GMT 2022,OK,true,true,true,0.8,45.526215,false,true,0,0,false,true,0,0,false,true,0,0,false,true,0,0,false,true,0,0,false,true,0,0,false,true,0,0,false,true,0,0
Thu 24 Nov 12:46:12 GMT 2022,OK,true,true,true,0.8,45.370342,false,true,0,0,false,true,0,0,false,true,0,0,false,true,0,0,false,true,0,0,false,true,0,0,false,true,0,0,false,true,0,0
Thu 24 Nov 12:46:18 GMT 2022,OK,true,true,true,0.8,47.69809,false,true,0,0,false,true,0,0,false,true,0,0,false,true,0,0,false,true,0,0,false,true,0,0,false,true,0,0,false,true,0,0
Thu 24 Nov 12:46:23 GMT 2022,OK,true,true,true,0.8,44.80584,false,true,0,0,false,true,0,0,false,true,0,0,false,true,0,0,false,true,0,0,false,true,0,0,false,true,0,0,false,true,0,0
Thu 24 Nov 12:46:29 GMT 2022,OK,true,true,true,0.8,45.526215,false,true,0,0,false,true,0,0,false,true,0,0,false,true,0,0,false,true,0,0,false,true,0,0,false,true,0,0,false,true,0,0
Thu 24 Nov 12:46:34 GMT 2022,OK,true,true,true,0.8,45.088104,false,true,0,0,false,true,0,0,false,true,0,0,false,true,0,0,false,true,0,0,false,true,0,0,false,true,0,0,false,true,0,0
Thu 24 Nov 12:46:40 GMT 2022,OK,true,true,true,0.8,45.182163,false,true,0,0,false,true,0,0,false,true,0,0,false,true,0,0,false,true,0,0,false,true,0,0,false,true,0,0,false,true,0,0
Thu 24 Nov 12:46:46 GMT 2022,OK,true,true,true,0.8,45.182163,false,true,0,0,false,true,0,0,false,true,0,0,false,true,0,0,false,true,0,0,false,true,0,0,false,true,0,0,false,true,0,0
Thu 24 Nov 12:46:51 GMT 2022,OK,true,true,true,0.8,45.182163,false,true,0,0,false,true,0,0,false,true,0,0,false,true,0,0,false,true,0,0,false,true,0,0,false,true,0,0,false,true,0,0
Thu 24 Nov 12:46:57 GMT 2022,OK,true,true,true,0.8,45.182163,false,true,0,0,false,true,0,0,false,true,0,0,false,true,0,0,false,true,0,0,false,true,0,0,false,true,0,0,false,true,0,0
Thu 24 Nov 12:47:02 GMT 2022,OK,true,true,true,0.8,45.370342,false,true,0,0,false,true,0,0,false,true,0,0,false,true,0,0,false,true,0,0,false,true,0,0,false,true,0,0,false,true,0,0
Thu 24 Nov 12:47:08 GMT 2022,OK,true,true,true,0.8,45.182163,false,true,0,0,false,true,0,0,false,true,0,0,false,true,0,0,false,true,0,0,false,true,0,0,false,true,0,0,false,true,0,0
Thu 24 Nov 12:47:14 GMT 2022,OK,true,true,true,0.8,45.337921,false,true,0,0,false,true,0,0,false,true,0,0,false,true,0,0,false,true,0,0,false,true,0,0,false,true,0,0,false,true,0,0
Thu 24 Nov 12:47:19 GMT 2022,OK,true,true,true,0.8,45.182163,false,true,0,0,false,true,0,0,false,true,0,0,false,true,0,0,false,true,0,0,false,true,0,0,false,true,0,0,false,true,0,0
Thu 24 Nov 12:47:25 GMT 2022,OK,true,true,true,0.8,45.182163,false,true,0,0,false,true,0,0,false,true,0,0,false,true,0,0,false,true,0,0,false,true,0,0,false,true,0,0,false,true,0,0
Thu 24 Nov 12:47:30 GMT 2022,OK,true,true,true,0.8,45.182163,false,true,0,0,false,true,0,0,false,true,0,0,false,true,0,0,false,true,0,0,false,true,0,0,false,true,0,0,false,true,0,0
Thu 24 Nov 12:47:36 GMT 2022,OK,true,true,true,0.8,47.69809,false,true,0,0,false,true,0,0,false,true,0,0,false,true,0,0,false,true,0,0,false,true,0,0,false,true,0,0,false,true,0,0
Thu 24 Nov 12:47:41 GMT 2022,OK,true,true,true,0.8,45.182163,false,true,0,0,false,true,0,0,false,true,0,0,false,true,0,0,false,true,0,0,false,true,0,0,false,true,0,0,false,true,0,0
Thu 24 Nov 12:47:47 GMT 2022,OK,true,true,true,0.8,45.088104,false,true,0,0,false,true,0,0,false,true,0,0,false,true,0,0,false,true,0,0,false,true,0,0,false,true,0,0,false,true,0,0
Thu 24 Nov 12:47:53 GMT 2022,OK,true,true,true,0.8,44.80584,false,true,0,0,false,true,0,0,false,true,0,0,false,true,0,0,false,true,0,0,false,true,0,0,false,true,0,0,false,true,0,0
Thu 24 Nov 12:47:58 GMT 2022,OK,true,true,true,0.8,45.370342,false,true,0,0,false,true,0,0,false,true,0,0,false,true,0,0,false,true,0,0,false,true,0,0,false,true,0,0,false,true,0,0
Thu 24 Nov 12:48:04 GMT 2022,OK,true,true,true,0.8,45.526215,false,true,0,0,false,true,0,0,false,true,0,0,false,true,0,0,false,true,0,0,false,true,0,0,false,true,0,0,false,true,0,0
Thu 24 Nov 12:48:09 GMT 2022,OK,true,true,true,0.8,45.088104,false,true,0,0,false,true,0,0,false,true,0,0,false,true,0,0,false,true,0,0,false,true,0,0,false,true,0,0,false,true,0,0
Thu 24 Nov 12:48:15 GMT 2022,OK,true,true,true,0.8,45.182163,false,true,0,0,false,true,0,0,false,true,0,0,false,true,0,0,false,true,0,0,false,true,0,0,false,true,0,0,false,true,0,0
Thu 24 Nov 12:48:21 GMT 2022,OK,true,true,true,0.8,45.182163,false,true,0,0,false,true,0,0,false,true,0,0,false,true,0,0,false,true,0,0,false,true,0,0,false,true,0,0,false,true,0,0
Thu 24 Nov 12:48:26 GMT 2022,OK,true,true,true,0.8,45.526215,false,true,0,0,false,true,0,0,false,true,0,0,false,true,0,0,false,true,0,0,false,true,0,0,false,true,0,0,false,true,0,0
Thu 24 Nov 12:48:32 GMT 2022,OK,true,true,true,0.8,47.69809,false,true,0,0,false,true,0,0,false,true,0,0,false,true,0,0,false,true,0,0,false,true,0,0,false,true,0,0,false,true,0,0
Thu 24 Nov 12:48:37 GMT 2022,OK,true,true,true,0.8,45.182163,false,true,0,0,false,true,0,0,false,true,0,0,false,true,0,0,false,true,0,0,false,true,0,0,false,true,0,0,false,true,0,0
Thu 24 Nov 12:48:43 GMT 2022,OK,true,true,true,0.8,45.526215,false,true,0,0,false,true,0,0,false,true,0,0,false,true,0,0,false,true,0,0,false,true,0,0,false,true,0,0,false,true,0,0
Thu 24 Nov 12:48:48 GMT 2022,OK,true,true,true,0.8,45.182163,false,true,0,0,false,true,0,0,false,true,0,0,false,true,0,0,false,true,0,0,false,true,0,0,false,true,0,0,false,true,0,0
Thu 24 Nov 12:48:54 GMT 2022,OK,true,true,true,0.8,45.182163,false,true,0,0,false,true,0,0,false,true,0,0,false,true,0,0,false,true,0,0,false,true,0,0,false,true,0,0,false,true,0,0
Thu 24 Nov 12:49:00 GMT 2022,OK,true,true,true,0.8,45.182163,false,true,0,0,false,true,0,0,false,true,0,0,false,true,0,0,false,true,0,0,false,true,0,0,false,true,0,0,false,true,0,0
Thu 24 Nov 12:49:05 GMT 2022,OK,true,true,true,0.8,44.80584,false,true,0,0,false,true,0,0,false,true,0,0,false,true,0,0,false,true,0,0,false,true,0,0,false,true,0,0,false,true,0,0
Thu 24 Nov 12:49:11 GMT 2022,OK,true,true,true,0.8,45.088104,false,true,0,0,false,true,0,0,false,true,0,0,false,true,0,0,false,true,0,0,false,true,0,0,false,true,0,0,false,true,0,0
Thu 24 Nov 12:49:16 GMT 2022,OK,true,true,true,0.8,45.182163,false,true,0,0,false,true,0,0,false,true,0,0,false,true,0,0,false,true,0,0,false,true,0,0,false,true,0,0,false,true,0,0
Thu 24 Nov 12:49:22 GMT 2022,OK,true,true,true,0.8,45.182163,false,true,0,0,false,true,0,0,false,true,0,0,false,true,0,0,false,true,0,0,false,true,0,0,false,true,0,0,false,true,0,0
Thu 24 Nov 12:49:27 GMT 2022,OK,true,true,true,0.8,45.370342,false,true,0,0,false,true,0,0,false,true,0,0,false,true,0,0,false,true,0,0,false,true,0,0,false,true,0,0,false,true,0,0
Thu 24 Nov 12:49:33 GMT 2022,OK,true,true,true,0.8,45.182163,false,true,0,0,false,true,0,0,false,true,0,0,false,true,0,0,false,true,0,0,false,true,0,0,false,true,0,0,false,true,0,0
Thu 24 Nov 12:49:39 GMT 2022,OK,true,true,true,0.8,45.432068,false,true,0,0,false,true,0,0,false,true,0,0,false,true,0,0,false,true,0,0,false,true,0,0,false,true,0,0,false,true,0,0
Thu 24 Nov 12:49:44 GMT 2022,OK,true,true,true,0.8,45.276253,false,true,0,0,false,true,0,0,false,true,0,0,false,true,0,0,false,true,0,0,false,true,0,0,false,true,0,0,false,true,0,0
Thu 24 Nov 12:49:50 GMT 2022,OK,true,true,true,0.8,44.994019,false,true,0,0,false,true,0,0,false,true,0,0,false,true,0,0,false,true,0,0,false,true,0,0,false,true,0,0,false,true,0,0
Thu 24 Nov 12:49:55 GMT 2022,OK,true,true,true,0.8,45.370342,false,true,0,0,false,true,0,0,false,true,0,0,false,true,0,0,false,true,0,0,false,true,0,0,false,true,0,0,false,true,0,0
Thu 24 Nov 12:50:01 GMT 2022,OK,true,true,true,0.8,45.182163,false,true,0,0,false,true,0,0,false,true,0,0,false,true,0,0,false,true,0,0,false,true,0,0,false,true,0,0,false,true,0,0
Thu 24 Nov 12:50:07 GMT 2022,OK,true,true,true,0.8,45.652576,false,true,0,0,false,true,0,0,false,true,0,0,false,true,0,0,false,true,0,0,false,true,0,0,false,true,0,0,false,true,0,0
Thu 24 Nov 12:50:12 GMT 2022,OK,true,true,true,0.8,45.182163,false,true,0,0,false,true,0,0,false,true,0,0,false,true,0,0,false,true,0,0,false,true,0,0,false,true,0,0,false,true,0,0
Thu 24 Nov 12:50:18 GMT 2022,OK,true,true,true,0.8,45.182163,false,true,0,0,false,true,0,0,false,true,0,0,false,true,0,0,false,true,0,0,false,true,0,0,false,true,0,0,false,true,0,0
Thu 24 Nov 12:50:23 GMT 2022,OK,true,true,true,0.8,45.182163,false,true,0,0,false,true,0,0,false,true,0,0,false,true,0,0,false,true,0,0,false,true,0,0,false,true,0,0,false,true,0,0
Thu 24 Nov 12:50:29 GMT 2022,OK,true,true,true,0.8,45.182163,false,true,0,0,false,true,0,0,false,true,0,0,false,true,0,0,false,true,0,0,false,true,0,0,false,true,0,0,false,true,0,0
Thu 24 Nov 12:50:34 GMT 2022,OK,true,true,true,0.8,45.182163,false,true,0,0,false,true,0,0,false,true,0,0,false,true,0,0,false,true,0,0,false,true,0,0,false,true,0,0,false,true,0,0
Thu 24 Nov 12:50:40 GMT 2022,OK,true,true,true,0.8,45.370342,false,true,0,0,false,true,0,0,false,true,0,0,false,true,0,0,false,true,0,0,false,true,0,0,false,true,0,0,false,true,0,0
Thu 24 Nov 12:50:46 GMT 2022,OK,true,true,true,0.8,45.182163,false,true,0,0,false,true,0,0,false,true,0,0,false,true,0,0,false,true,0,0,false,true,0,0,false,true,0,0,false,true,0,0
Thu 24 Nov 12:50:51 GMT 2022,OK,true,true,true,0.8,45.182163,false,true,0,0,false,true,0,0,false,true,0,0,false,true,0,0,false,true,0,0,false,true,0,0,false,true,0,0,false,true,0,0
Thu 24 Nov 12:50:57 GMT 2022,OK,true,true,true,0.8,44.871262,false,true,0,0,false,true,0,0,false,true,0,0,false,true,0,0,false,true,0,0,false,true,0,0,false,true,0,0,false,true,0,0
Thu 24 Nov 12:51:02 GMT 2022,OK,true,true,true,0.8,44.871262,false,true,0,0,false,true,0,0,false,true,0,0,false,true,0,0,false,true,0,0,false,true,0,0,false,true,0,0,false,true,0,0
Thu 24 Nov 12:51:08 GMT 2022,OK,true,true,true,0.8,45.182163,false,true,0,0,false,true,0,0,false,true,0,0,false,true,0,0,false,true,0,0,false,true,0,0,false,true,0,0,false,true,0,0
Thu 24 Nov 12:51:14 GMT 2022,OK,true,true,true,0.8,45.182163,false,true,0,0,false,true,0,0,false,true,0,0,false,true,0,0,false,true,0,0,false,true,0,0,false,true,0,0,false,true,0,0
Thu 24 Nov 12:51:19 GMT 2022,OK,true,true,true,0.8,44.80584,false,true,0,0,false,true,0,0,false,true,0,0,false,true,0,0,false,true,0,0,false,true,0,0,false,true,0,0,false,true,0,0
Thu 24 Nov 12:51:25 GMT 2022,OK,true,true,true,0.8,44.871262,false,true,0,0,false,true,0,0,false,true,0,0,false,true,0,0,false,true,0,0,false,true,0,0,false,true,0,0,false,true,0,0
Thu 24 Nov 12:51:30 GMT 2022,OK,true,true,true,0.8,45.088104,false,true,0,0,false,true,0,0,false,true,0,0,false,true,0,0,false,true,0,0,false,true,0,0,false,true,0,0,false,true,0,0
Thu 24 Nov 12:51:36 GMT 2022,OK,true,true,true,0.8,45.182163,false,true,0,0,false,true,0,0,false,true,0,0,false,true,0,0,false,true,0,0,false,true,0,0,false,true,0,0,false,true,0,0
Thu 24 Nov 12:51:41 GMT 2022,OK,true,true,true,0.8,45.337921,false,true,0,0,false,true,0,0,false,true,0,0,false,true,0,0,false,true,0,0,false,true,0,0,false,true,0,0,false,true,0,0
Thu 24 Nov 12:51:47 GMT 2022,OK,true,true,true,0.8,45.182163,false,true,0,0,false,true,0,0,false,true,0,0,false,true,0,0,false,true,0,0,false,true,0,0,false,true,0,0,false,true,0,0
Thu 24 Nov 12:51:53 GMT 2022,OK,true,true,true,0.8,45.182163,false,true,0,0,false,true,0,0,false,true,0,0,false,true,0,0,false,true,0,0,false,true,0,0,false,true,0,0,false,true,0,0
Thu 24 Nov 12:51:58 GMT 2022,OK,true,true,true,0.8,44.994019,false,true,0,0,false,true,0,0,false,true,0,0,false,true,0,0,false,true,0,0,false,true,0,0,false,true,0,0,false,true,0,0
Thu 24 Nov 12:52:04 GMT 2022,OK,true,true,true,0.8,45.526215,false,true,0,0,false,true,0,0,false,true,0,0,false,true,0,0,false,true,0,0,false,true,0,0,false,true,0,0,false,true,0,0
Thu 24 Nov 12:52:09 GMT 2022,OK,true,true,true,0.8,45.182163,false,true,0,0,false,true,0,0,false,true,0,0,false,true,0,0,false,true,0,0,false,true,0,0,false,true,0,0,false,true,0,0
Thu 24 Nov 12:52:15 GMT 2022,OK,true,true,true,0.8,44.80584,false,true,0,0,false,true,0,0,false,true,0,0,false,true,0,0,false,true,0,0,false,true,0,0,false,true,0,0,false,true,0,0
Thu 24 Nov 12:52:20 GMT 2022,OK,true,true,true,0.8,45.370342,false,true,0,0,false,true,0,0,false,true,0,0,false,true,0,0,false,true,0,0,false,true,0,0,false,true,0,0,false,true,0,0
Thu 24 Nov 12:52:26 GMT 2022,OK,true,true,true,0.8,45.182163,false,true,0,0,false,true,0,0,false,true,0,0,false,true,0,0,false,true,0,0,false,true,0,0,false,true,0,0,false,true,0,0
Thu 24 Nov 12:52:32 GMT 2022,OK,true,true,true,0.8,45.182163,false,true,0,0,false,true,0,0,false,true,0,0,false,true,0,0,false,true,0,0,false,true,0,0,false,true,0,0,false,true,0,0
Thu 24 Nov 12:52:37 GMT 2022,OK,true,true,true,0.8,45.088104,false,true,0,0,false,true,0,0,false,true,0,0,false,true,0,0,false,true,0,0,false,true,0,0,false,true,0,0,false,true,0,0
Thu 24 Nov 12:52:43 GMT 2022,OK,true,true,true,0.8,45.526215,false,true,0,0,false,true,0,0,false,true,0,0,false,true,0,0,false,true,0,0,false,true,0,0,false,true,0,0,false,true,0,0
Thu 24 Nov 12:52:48 GMT 2022,OK,true,true,true,0.8,45.337921,false,true,0,0,false,true,0,0,false,true,0,0,false,true,0,0,false,true,0,0,false,true,0,0,false,true,0,0,false,true,0,0
Thu 24 Nov 12:52:54 GMT 2022,OK,true,true,true,0.8,45.182163,false,true,0,0,false,true,0,0,false,true,0,0,false,true,0,0,false,true,0,0,false,true,0,0,false,true,0,0,false,true,0,0
Thu 24 Nov 12:53:00 GMT 2022,OK,true,true,true,0.8,44.961365,false,true,0,0,false,true,0,0,false,true,0,0,false,true,0,0,false,true,0,0,false,true,0,0,false,true,0,0,false,true,0,0
Thu 24 Nov 12:53:05 GMT 2022,OK,true,true,true,0.8,45.182163,false,true,0,0,false,true,0,0,false,true,0,0,false,true,0,0,false,true,0,0,false,true,0,0,false,true,0,0,false,true,0,0
Thu 24 Nov 12:53:11 GMT 2022,OK,true,true,true,0.8,45.182163,false,true,0,0,false,true,0,0,false,true,0,0,false,true,0,0,false,true,0,0,false,true,0,0,false,true,0,0,false,true,0,0
Thu 24 Nov 12:53:16 GMT 2022,OK,true,true,true,0.8,44.312576,false,true,0,0,false,true,0,0,false,true,0,0,false,true,0,0,false,true,0,0,false,true,0,0,false,true,0,0,false,true,0,0
Thu 24 Nov 12:53:22 GMT 2022,OK,true,true,true,0.8,45.182163,false,true,0,0,false,true,0,0,false,true,0,0,false,true,0,0,false,true,0,0,false,true,0,0,false,true,0,0,false,true,0,0
Thu 24 Nov 12:53:28 GMT 2022,OK,true,true,true,0.8,45.652576,false,true,0,0,false,true,0,0,false,true,0,0,false,true,0,0,false,true,0,0,false,true,0,0,false,true,0,0,false,true,0,0
Thu 24 Nov 12:53:33 GMT 2022,OK,true,true,true,0.8,45.370342,false,true,0,0,false,true,0,0,false,true,0,0,false,true,0,0,false,true,0,0,false,true,0,0,false,true,0,0,false,true,0,0
Thu 24 Nov 12:53:39 GMT 2022,OK,true,true,true,0.8,45.182163,false,true,0,0,false,true,0,0,false,true,0,0,false,true,0,0,false,true,0,0,false,true,0,0,false,true,0,0,false,true,0,0
Thu 24 Nov 12:53:44 GMT 2022,OK,true,true,true,0.8,45.370342,false,true,0,0,false,true,0,0,false,true,0,0,false,true,0,0,false,true,0,0,false,true,0,0,false,true,0,0,false,true,0,0
Thu 24 Nov 12:53:50 GMT 2022,OK,true,true,true,0.8,45.652576,false,true,0,0,false,true,0,0,false,true,0,0,false,true,0,0,false,true,0,0,false,true,0,0,false,true,0,0,false,true,0,0
Thu 24 Nov 12:53:56 GMT 2022,OK,true,true,true,0.8,45.182163,false,true,0,0,false,true,0,0,false,true,0,0,false,true,0,0,false,true,0,0,false,true,0,0,false,true,0,0,false,true,0,0
Thu 24 Nov 12:54:01 GMT 2022,OK,true,true,true,0.8,45.182163,false,true,0,0,false,true,0,0,false,true,0,0,false,true,0,0,false,true,0,0,false,true,0,0,false,true,0,0,false,true,0,0
Thu 24 Nov 12:54:07 GMT 2022,OK,true,true,true,0.8,44.871262,false,true,0,0,false,true,0,0,false,true,0,0,false,true,0,0,false,true,0,0,false,true,0,0,false,true,0,0,false,true,0,0
Thu 24 Nov 12:54:12 GMT 2022,OK,true,true,true,0.8,45.182163,false,true,0,0,false,true,0,0,false,true,0,0,false,true,0,0,false,true,0,0,false,true,0,0,false,true,0,0,false,true,0,0
Thu 24 Nov 12:54:18 GMT 2022,OK,true,true,true,0.8,45.182163,false,true,0,0,false,true,0,0,false,true,0,0,false,true,0,0,false,true,0,0,false,true,0,0,false,true,0,0,false,true,0,0
Thu 24 Nov 12:54:23 GMT 2022,OK,true,true,true,0.8,45.370342,false,true,0,0,false,true,0,0,false,true,0,0,false,true,0,0,false,true,0,0,false,true,0,0,false,true,0,0,false,true,0,0
Thu 24 Nov 12:54:29 GMT 2022,OK,true,true,true,0.8,47.888157,false,true,0,0,false,true,0,0,false,true,0,0,false,true,0,0,false,true,0,0,false,true,0,0,false,true,0,0,false,true,0,0
Thu 24 Nov 12:54:35 GMT 2022,OK,true,true,true,0.8,45.337921,false,true,0,0,false,true,0,0,false,true,0,0,false,true,0,0,false,true,0,0,false,true,0,0,false,true,0,0,false,true,0,0
Thu 24 Nov 12:54:40 GMT 2022,OK,true,true,true,0.8,45.088104,false,true,0,0,false,true,0,0,false,true,0,0,false,true,0,0,false,true,0,0,false,true,0,0,false,true,0,0,false,true,0,0
Thu 24 Nov 12:54:46 GMT 2022,OK,true,true,true,0.8,44.994019,false,true,0,0,false,true,0,0,false,true,0,0,false,true,0,0,false,true,0,0,false,true,0,0,false,true,0,0,false,true,0,0
Thu 24 Nov 12:54:51 GMT 2022,OK,true,true,true,0.8,44.994019,false,true,0,0,false,true,0,0,false,true,0,0,false,true,0,0,false,true,0,0,false,true,0,0,false,true,0,0,false,true,0,0
Thu 24 Nov 12:54:57 GMT 2022,OK,true,true,true,0.8,45.182163,false,true,0,0,false,true,0,0,false,true,0,0,false,true,0,0,false,true,0,0,false,true,0,0,false,true,0,0,false,true,0,0
Thu 24 Nov 12:55:03 GMT 2022,OK,true,true,true,0.8,45.182163,false,true,0,0,false,true,0,0,false,true,0,0,false,true,0,0,false,true,0,0,false,true,0,0,false,true,0,0,false,true,0,0
Thu 24 Nov 12:55:08 GMT 2022,OK,true,true,true,0.8,45.182163,false,true,0,0,false,true,0,0,false,true,0,0,false,true,0,0,false,true,0,0,false,true,0,0,false,true,0,0,false,true,0,0
Thu 24 Nov 12:55:14 GMT 2022,OK,true,true,true,0.8,45.214672,false,true,0,0,false,true,0,0,false,true,0,0,false,true,0,0,false,true,0,0,false,true,0,0,false,true,0,0,false,true,0,0
Thu 24 Nov 12:55:19 GMT 2022,OK,true,true,true,0.8,47.603043,false,true,0,0,false,true,0,0,false,true,0,0,false,true,0,0,false,true,0,0,false,true,0,0,false,true,0,0,false,true,0,0
Thu 24 Nov 12:55:25 GMT 2022,OK,true,true,true,0.8,45.182163,false,true,0,0,false,true,0,0,false,true,0,0,false,true,0,0,false,true,0,0,false,true,0,0,false,true,0,0,false,true,0,0
Thu 24 Nov 12:55:30 GMT 2022,OK,true,true,true,0.8,45.182163,false,true,0,0,false,true,0,0,false,true,0,0,false,true,0,0,false,true,0,0,false,true,0,0,false,true,0,0,false,true,0,0
Thu 24 Nov 12:55:36 GMT 2022,OK,true,true,true,0.8,45.182163,false,true,0,0,false,true,0,0,false,true,0,0,false,true,0,0,false,true,0,0,false,true,0,0,false,true,0,0,false,true,0,0
Thu 24 Nov 12:55:42 GMT 2022,OK,true,true,true,0.8,45.370342,false,true,0,0,false,true,0,0,false,true,0,0,false,true,0,0,false,true,0,0,false,true,0,0,false,true,0,0,false,true,0,0
Thu 24 Nov 12:55:47 GMT 2022,OK,true,true,true,0.8,45.526215,false,true,0,0,false,true,0,0,false,true,0,0,false,true,0,0,false,true,0,0,false,true,0,0,false,true,0,0,false,true,0,0
Thu 24 Nov 12:55:53 GMT 2022,OK,true,true,true,0.8,45.182163,false,true,0,0,false,true,0,0,false,true,0,0,false,true,0,0,false,true,0,0,false,true,0,0,false,true,0,0,false,true,0,0
Thu 24 Nov 12:55:58 GMT 2022,OK,true,true,true,0.8,44.903912,false,true,0,0,false,true,0,0,false,true,0,0,false,true,0,0,false,true,0,0,false,true,0,0,false,true,0,0,false,true,0,0
Thu 24 Nov 12:56:04 GMT 2022,OK,true,true,true,0.8,45.182163,false,true,0,0,false,true,0,0,false,true,0,0,false,true,0,0,false,true,0,0,false,true,0,0,false,true,0,0,false,true,0,0
Thu 24 Nov 12:56:09 GMT 2022,OK,true,true,true,0.8,45.341091,false,true,0,0,false,true,0,0,false,true,0,0,false,true,0,0,false,true,0,0,false,true,0,0,false,true,0,0,false,true,0,0
Thu 24 Nov 12:56:15 GMT 2022,OK,true,true,true,0.8,45.182163,false,true,0,0,false,true,0,0,false,true,0,0,false,true,0,0,false,true,0,0,false,true,0,0,false,true,0,0,false,true,0,0
Thu 24 Nov 12:56:21 GMT 2022,OK,true,true,true,0.8,45.182163,false,true,0,0,false,true,0,0,false,true,0,0,false,true,0,0,false,true,0,0,false,true,0,0,false,true,0,0,false,true,0,0
Thu 24 Nov 12:56:26 GMT 2022,OK,true,true,true,0.8,45.088104,false,true,0,0,false,true,0,0,false,true,0,0,false,true,0,0,false,true,0,0,false,true,0,0,false,true,0,0,false,true,0,0
Thu 24 Nov 12:56:32 GMT 2022,OK,true,true,true,0.8,45.182163,false,true,0,0,false,true,0,0,false,true,0,0,false,true,0,0,false,true,0,0,false,true,0,0,false,true,0,0,false,true,0,0
Thu 24 Nov 12:56:37 GMT 2022,OK,true,true,true,0.8,45.182163,false,true,0,0,false,true,0,0,false,true,0,0,false,true,0,0,false,true,0,0,false,true,0,0,false,true,0,0,false,true,0,0
Thu 24 Nov 12:56:43 GMT 2022,OK,true,true,true,0.8,45.370342,false,true,0,0,false,true,0,0,false,true,0,0,false,true,0,0,false,true,0,0,false,true,0,0,false,true,0,0,false,true,0,0
Thu 24 Nov 12:56:49 GMT 2022,OK,true,true,true,0.8,45.182163,false,true,0,0,false,true,0,0,false,true,0,0,false,true,0,0,false,true,0,0,false,true,0,0,false,true,0,0,false,true,0,0
Thu 24 Nov 12:56:54 GMT 2022,OK,true,true,true,0.8,45.526215,false,true,0,0,false,true,0,0,false,true,0,0,false,true,0,0,false,true,0,0,false,true,0,0,false,true,0,0,false,true,0,0
Thu 24 Nov 12:57:00 GMT 2022,OK,true,true,true,0.8,45.370342,false,true,0,0,false,true,0,0,false,true,0,0,false,true,0,0,false,true,0,0,false,true,0,0,false,true,0,0,false,true,0,0
Thu 24 Nov 12:57:05 GMT 2022,OK,true,true,true,0.8,45.182163,false,true,0,0,false,true,0,0,false,true,0,0,false,true,0,0,false,true,0,0,false,true,0,0,false,true,0,0,false,true,0,0
Thu 24 Nov 12:57:11 GMT 2022,OK,true,true,true,0.8,45.370342,false,true,0,0,false,true,0,0,false,true,0,0,false,true,0,0,false,true,0,0,false,true,0,0,false,true,0,0,false,true,0,0
Thu 24 Nov 12:57:17 GMT 2022,OK,true,true,true,0.8,45.182163,false,true,0,0,false,true,0,0,false,true,0,0,false,true,0,0,false,true,0,0,false,true,0,0,false,true,0,0,false,true,0,0
Thu 24 Nov 12:57:22 GMT 2022,OK,true,true,true,0.8,45.182163,false,true,0,0,false,true,0,0,false,true,0,0,false,true,0,0,false,true,0,0,false,true,0,0,false,true,0,0,false,true,0,0
Thu 24 Nov 12:57:28 GMT 2022,OK,true,true,true,0.8,45.182163,false,true,0,0,false,true,0,0,false,true,0,0,false,true,0,0,false,true,0,0,false,true,0,0,false,true,0,0,false,true,0,0
Thu 24 Nov 12:57:33 GMT 2022,OK,true,true,true,0.8,45.088104,false,true,0,0,false,true,0,0,false,true,0,0,false,true,0,0,false,true,0,0,false,true,0,0,false,true,0,0,false,true,0,0
Thu 24 Nov 12:57:39 GMT 2022,OK,true,true,true,0.8,45.182163,false,true,0,0,false,true,0,0,false,true,0,0,false,true,0,0,false,true,0,0,false,true,0,0,false,true,0,0,false,true,0,0
Thu 24 Nov 12:57:44 GMT 2022,OK,true,true,true,0.8,45.026611,false,true,0,0,false,true,0,0,false,true,0,0,false,true,0,0,false,true,0,0,false,true,0,0,false,true,0,0,false,true,0,0
Thu 24 Nov 12:57:50 GMT 2022,OK,true,true,true,0.8,45.182163,false,true,0,0,false,true,0,0,false,true,0,0,false,true,0,0,false,true,0,0,false,true,0,0,false,true,0,0,false,true,0,0
Thu 24 Nov 12:57:56 GMT 2022,OK,true,true,true,0.8,45.182163,false,true,0,0,false,true,0,0,false,true,0,0,false,true,0,0,false,true,0,0,false,true,0,0,false,true,0,0,false,true,0,0
Thu 24 Nov 12:58:01 GMT 2022,OK,true,true,true,0.8,45.088104,false,true,0,0,false,true,0,0,false,true,0,0,false,true,0,0,false,true,0,0,false,true,0,0,false,true,0,0,false,true,0,0
Thu 24 Nov 12:58:07 GMT 2022,OK,true,true,true,0.8,45.182163,false,true,0,0,false,true,0,0,false,true,0,0,false,true,0,0,false,true,0,0,false,true,0,0,false,true,0,0,false,true,0,0
Thu 24 Nov 12:58:22 GMT 2022,OK,false,true,false,0,0,false,false,0,0,false,false,0,0,false,false,0,0,false,false,0,0,false,false,0,0,false,false,0,0,false,false,0,0,false,false,0,0
Thu 24 Nov 12:58:28 GMT 2022,OK,false,true,false,0,0,false,false,0,0,false,false,0,0,false,false,0,0,false,false,0,0,false,false,0,0,false,false,0,0,false,false,0,0,false,false,0,0
Thu 24 Nov 12:58:34 GMT 2022,OK,false,true,false,0,0,false,false,0,0,false,false,0,0,false,false,0,0,false,false,0,0,false,false,0,0,false,false,0,0,false,false,0,0,false,false,0,0
Thu 24 Nov 13:28:41 GMT 2022,OK,true,true,true,0.8,45.182163,false,false,0,0,false,false,0,0,false,false,0,0,false,false,0,0,false,false,0,0,false,false,0,0,false,false,0,0,false,false,0,0
Thu 24 Nov 13:28:46 GMT 2022,OK,true,true,true,0.8,45.370342,false,false,0,0,false,false,0,0,false,false,0,0,false,false,0,0,false,false,0,0,false,false,0,0,false,false,0,0,false,false,0,0
Thu 24 Nov 13:28:52 GMT 2022,OK,true,true,true,0.8,45.370342,false,false,0,0,false,false,0,0,false,false,0,0,false,false,0,0,false,false,0,0,false,false,0,0,false,false,0,0,false,false,0,0
Thu 24 Nov 13:28:57 GMT 2022,OK,true,true,true,0.8,44.80584,false,false,0,0,false,false,0,0,false,false,0,0,false,false,0,0,false,false,0,0,false,false,0,0,false,false,0,0,false,false,0,0
Thu 24 Nov 13:29:03 GMT 2022,OK,true,true,true,0.8,45.182163,false,false,0,0,false,false,0,0,false,false,0,0,false,false,0,0,false,false,0,0,false,false,0,0,false,false,0,0,false,false,0,0
Thu 24 Nov 13:29:11 GMT 2022,OK,true,true,true,0.8,45.117065,false,false,0,0,false,false,0,0,false,false,0,0,false,false,0,0,false,false,0,0,false,false,0,0,false,false,0,0,false,false,0,0
Thu 24 Nov 13:29:17 GMT 2022,OK,true,true,true,0.8,45.493881,false,false,0,0,false,false,0,0,false,false,0,0,false,false,0,0,false,false,0,0,false,false,0,0,false,false,0,0,false,false,0,0
Thu 24 Nov 13:29:22 GMT 2022,OK,true,true,true,0.8,45.182163,false,false,0,0,false,false,0,0,false,false,0,0,false,false,0,0,false,false,0,0,false,false,0,0,false,false,0,0,false,false,0,0
Thu 24 Nov 13:29:27 GMT 2022,OK,true,true,true,0.8,45.808651,false,false,0,0,false,false,0,0,false,false,0,0,false,false,0,0,false,false,0,0,false,false,0,0,false,false,0,0,false,false,0,0
Thu 24 Nov 13:30:31 GMT 2022,OK,true,true,true,0.8,45.337921,false,false,0,0,false,false,0,0,false,false,0,0,false,false,0,0,false,false,0,0,false,false,0,0,false,false,0,0,false,false,0,0
Thu 24 Nov 13:30:37 GMT 2022,OK,true,true,true,0.8,45.182163,false,false,0,0,false,false,0,0,false,false,0,0,false,false,0,0,false,false,0,0,false,false,0,0,false,false,0,0,false,false,0,0
Thu 24 Nov 13:30:42 GMT 2022,OK,true,true,true,0.8,45.526215,false,false,0,0,false,false,0,0,false,false,0,0,false,false,0,0,false,false,0,0,false,false,0,0,false,false,0,0,false,false,0,0
Thu 24 Nov 13:30:48 GMT 2022,OK,true,true,true,0.8,45.088104,false,false,0,0,false,false,0,0,false,false,0,0,false,false,0,0,false,false,0,0,false,false,0,0,false,false,0,0,false,false,0,0
Thu 24 Nov 13:30:53 GMT 2022,OK,true,true,true,0.8,45.276253,false,false,0,0,false,false,0,0,false,false,0,0,false,false,0,0,false,false,0,0,false,false,0,0,false,false,0,0,false,false,0,0
Thu 24 Nov 13:30:59 GMT 2022,OK,true,true,true,0.8,45.182163,false,false,0,0,false,false,0,0,false,false,0,0,false,false,0,0,false,false,0,0,false,false,0,0,false,false,0,0,false,false,0,0
